sample_id,timestamp,longitude,latitude,rainfall_mm_1h,rainfall_mm_24h,elevation_m,distance_to_river_m,slope_degrees,road_density_km,infrastructure_exposure_count,operational_flood_risk,dataset_mode
OBS-0001,2026-09-10T10:17:00Z,80.26311,13.08594,2.02,7.17,6.34,2899.8,3.4,4.37,3,0,SYNTHETIC_SCENARIO_OBSERVATION
OBS-0002,2026-09-11T17:52:00Z,80.28328,13.08108,7.31,27.32,6.07,2680.6,4.0,11.34,0,0,SYNTHETIC_SCENARIO_OBSERVATION
OBS-0003,2026-09-12T15:12:00Z,80.27562,13.07429,7.87,72.21,18.27,2015.9,1.33,13.96,1,0,SYNTHETIC_SCENARIO_OBSERVATION
OBS-0004,2026-09-13T06:32:00Z,80.27095,13.08941,10.12,46.12,6.12,3347.0,3.16,0.91,2,0,SYNTHETIC_SCENARIO_OBSERVATION
OBS-0005,2026-09-14T15:00:00Z,80.25546,13.08554,13.4,57.5,6.53,717.7,2.9,12.61,0,1,SYNTHETIC_SCENARIO_OBSERVATION
OBS-0006,2026-09-15T16:37:00Z,80.25546,13.06988,9.02,37.63,15.55,400.2,4.18,8.91,2,0,SYNTHETIC_SCENARIO_OBSERVATION
OBS-0007,2026-09-16T01:48:00Z,80.25203,13.09233,12.5,41.25,9.82,2991.8,4.54,13.64,1,0,SYNTHETIC_SCENARIO_OBSERVATION
OBS-0008,2026-09-17T05:45:00Z,80.28032,13.08968,18.99,66.21,15.87,1548.2,0.16,6.78,3,0,SYNTHETIC_SCENARIO_OBSERVATION
OBS-0009,2026-09-10T17:37:00Z,80.27104,13.09349,3.14,10.05,2.71,2967.5,3.4,11.94,1,0,SYNTHETIC_SCENARIO_OBSERVATION
OBS-0010,2026-09-11T09:23:00Z,80.27478,13.08677,8.65,23.53,10.52,3128.0,0.35,1.34,4,0,SYNTHETIC_SCENARIO_OBSERVATION
OBS-0011,2026-09-12T17:26:00Z,80.25072,13.0834,3.36,8.75,2.12,237.4,2.79,5.03,0,1,SYNTHETIC_SCENARIO_OBSERVATION
OBS-0012,2026-09-13T08:07:00Z,80.28395,13.07755,54.05,153.84,2.66,3094.5,1.51,1.4,2,1,SYNTHETIC_SCENARIO_OBSERVATION
OBS-0013,2026-09-14T09:16:00Z,80.27914,13.09298,43.84,100.92,18.27,1580.2,1.6,13.67,1,0,SYNTHETIC_SCENARIO_OBSERVATION
OBS-0014,2026-09-15T22:28:00Z,80.25743,13.09098,0.15,1.41,4.08,1796.3,1.83,11.53,1,0,SYNTHETIC_SCENARIO_OBSERVATION
OBS-0015,2026-09-16T05:13:00Z,80.25636,13.06636,7.21,42.8,11.35,2200.5,3.14,12.01,6,0,SYNTHETIC_SCENARIO_OBSERVATION
OBS-0016,2026-09-17T21:53:00Z,80.25642,13.06579,9.32,90.78,9.11,3243.8,1.74,13.16,2,0,SYNTHETIC_SCENARIO_OBSERVATION
OBS-0017,2026-09-10T05:25:00Z,80.26065,13.07629,2.28,6.97,7.93,86.5,3.69,1.65,1,0,SYNTHETIC_SCENARIO_OBSERVATION
OBS-0018,2026-09-11T06:11:00Z,80.26837,13.08932,12.17,29.37,18.15,1679.4,2.08,5.71,2,0,SYNTHETIC_SCENARIO_OBSERVATION
OBS-0019,2026-09-12T02:13:00Z,80.26512,13.09462,16.02,86.48,1.9,2413.3,0.43,1.46,5,1,SYNTHETIC_SCENARIO_OBSERVATION
OBS-0020,2026-09-13T21:50:00Z,80.26019,13.06951,0.51,1.21,13.78,2535.0,3.94,3.35,1,0,SYNTHETIC_SCENARIO_OBSERVATION
OBS-0021,2026-09-14T22:47:00Z,80.27141,13.08282,5.07,41.84,19.32,2430.0,1.5,3.6,3,0,SYNTHETIC_SCENARIO_OBSERVATION
OBS-0022,2026-09-15T06:39:00Z,80.25488,13.07643,5.27,12.35,11.86,487.8,2.22,6.83,1,0,SYNTHETIC_SCENARIO_OBSERVATION
OBS-0023,2026-09-16T17:24:00Z,80.26023,13.0941,20.16,90.38,18.83,1061.9,3.46,4.13,1,0,SYNTHETIC_SCENARIO_OBSERVATION
OBS-0024,2026-09-17T12:20:00Z,80.26282,13.09026,16.8,123.99,2.47,1268.3,1.73,1.86,0,1,SYNTHETIC_SCENARIO_OBSERVATION
OBS-0025,2026-09-10T08:09:00Z,80.26596,13.09015,27.29,101.05,9.25,2819.4,0.38,2.76,3,1,SYNTHETIC_SCENARIO_OBSERVATION
OBS-0026,2026-09-11T20:54:00Z,80.27748,13.07906,4.27,22.5,6.31,990.1,1.93,2.49,3,0,SYNTHETIC_SCENARIO_OBSERVATION
OBS-0027,2026-09-12T08:14:00Z,80.25699,13.07744,13.85,69.33,15.02,753.3,4.73,13.64,2,0,SYNTHETIC_SCENARIO_OBSERVATION
OBS-0028,2026-09-13T19:01:00Z,80.268,13.0732,13.52,65.15,19.65,3351.9,3.24,10.75,1,0,SYNTHETIC_SCENARIO_OBSERVATION
OBS-0029,2026-09-14T12:33:00Z,80.27073,13.06669,5.13,13.45,6.25,50.8,3.39,13.56,1,1,SYNTHETIC_SCENARIO_OBSERVATION
OBS-0030,2026-09-15T18:57:00Z,80.25163,13.09094,17.84,61.8,13.6,3492.4,3.2,6.44,2,0,SYNTHETIC_SCENARIO_OBSERVATION
OBS-0031,2026-09-16T01:34:00Z,80.27126,13.08939,0.28,1.32,5.16,2375.3,1.08,4.26,0,0,SYNTHETIC_SCENARIO_OBSERVATION
OBS-0032,2026-09-17T05:02:00Z,80.25597,13.09499,9.96,31.75,11.96,2903.1,2.15,11.28,0,0,SYNTHETIC_SCENARIO_OBSERVATION
OBS-0033,2026-09-10T09:55:00Z,80.25228,13.0949,3.21,9.15,10.08,1045.3,3.78,4.9,2,0,SYNTHETIC_SCENARIO_OBSERVATION
OBS-0034,2026-09-11T05:54:00Z,80.28321,13.08166,0.88,4.5,19.48,69.8,0.6,4.54,2,0,SYNTHETIC_SCENARIO_OBSERVATION
OBS-0035,2026-09-12T15:48:00Z,80.2838,13.08807,0.69,2.8,12.76,2587.8,1.46,3.64,2,0,SYNTHETIC_SCENARIO_OBSERVATION
OBS-0036,2026-09-13T18:02:00Z,80.27829,13.09334,5.95,41.71,7.97,2922.8,1.45,2.25,0,0,SYNTHETIC_SCENARIO_OBSERVATION
OBS-0037,2026-09-14T17:38:00Z,80.26066,13.09049,2.38,14.54,3.61,2596.9,2.22,3.96,0,0,SYNTHETIC_SCENARIO_OBSERVATION
OBS-0038,2026-09-15T08:51:00Z,80.25342,13.07242,15.28,45.15,4.3,517.1,4.9,5.3,1,1,SYNTHETIC_SCENARIO_OBSERVATION
OBS-0039,2026-09-16T11:04:00Z,80.27395,13.07852,0.39,2.37,5.67,2641.9,0.43,9.6,2,0,SYNTHETIC_SCENARIO_OBSERVATION
OBS-0040,2026-09-17T02:10:00Z,80.26541,13.06887,3.76,13.26,6.14,2695.9,2.64,1.34,0,0,SYNTHETIC_SCENARIO_OBSERVATION
OBS-0041,2026-09-10T03:04:00Z,80.25427,13.09362,9.45,27.14,17.24,2311.7,0.98,3.34,1,0,SYNTHETIC_SCENARIO_OBSERVATION
OBS-0042,2026-09-11T00:26:00Z,80.26733,13.08319,7.52,54.74,11.88,2686.1,4.86,11.42,1,0,SYNTHETIC_SCENARIO_OBSERVATION
OBS-0043,2026-09-12T17:11:00Z,80.2512,13.07186,4.01,13.43,11.18,2963.8,0.66,2.48,3,0,SYNTHETIC_SCENARIO_OBSERVATION
OBS-0044,2026-09-13T12:40:00Z,80.28183,13.08515,6.53,34.41,3.62,2155.3,2.08,5.13,0,0,SYNTHETIC_SCENARIO_OBSERVATION
OBS-0045,2026-09-14T01:36:00Z,80.25906,13.08354,33.21,76.0,17.41,328.3,3.72,12.17,0,0,SYNTHETIC_SCENARIO_OBSERVATION
OBS-0046,2026-09-15T12:15:00Z,80.27319,13.07574,9.02,33.49,14.87,1716.9,3.55,2.59,1,0,SYNTHETIC_SCENARIO_OBSERVATION
OBS-0047,2026-09-16T15:23:00Z,80.26091,13.06841,3.55,9.28,2.75,290.2,2.17,1.62,2,1,SYNTHETIC_SCENARIO_OBSERVATION
OBS-0048,2026-09-17T02:21:00Z,80.2682,13.08515,0.25,0.86,14.59,1438.2,1.8,7.04,1,0,SYNTHETIC_SCENARIO_OBSERVATION
OBS-0049,2026-09-10T03:10:00Z,80.26913,13.08061,8.23,71.43,11.56,1436.7,2.05,4.58,4,0,SYNTHETIC_SCENARIO_OBSERVATION
OBS-0050,2026-09-11T22:57:00Z,80.25647,13.08817,0.24,0.75,3.01,249.7,1.39,8.11,2,1,SYNTHETIC_SCENARIO_OBSERVATION
OBS-0051,2026-09-12T13:28:00Z,80.28394,13.0806,31.48,72.7,9.98,1233.9,1.11,11.35,0,1,SYNTHETIC_SCENARIO_OBSERVATION
OBS-0052,2026-09-13T02:47:00Z,80.27713,13.09057,8.18,26.35,10.47,406.3,2.47,2.35,1,0,SYNTHETIC_SCENARIO_OBSERVATION
OBS-0053,2026-09-14T21:14:00Z,80.28288,13.08156,37.87,97.93,4.57,2832.7,1.42,8.34,3,1,SYNTHETIC_SCENARIO_OBSERVATION
OBS-0054,2026-09-15T09:40:00Z,80.28132,13.08183,22.98,56.12,19.0,3318.0,1.51,7.32,2,0,SYNTHETIC_SCENARIO_OBSERVATION
OBS-0055,2026-09-16T10:15:00Z,80.27093,13.0913,38.91,216.38,17.22,271.7,3.32,2.45,1,1,SYNTHETIC_SCENARIO_OBSERVATION
OBS-0056,2026-09-17T09:48:00Z,80.28227,13.0771,2.63,15.12,13.88,3343.8,4.85,8.92,0,0,SYNTHETIC_SCENARIO_OBSERVATION
OBS-0057,2026-09-10T18:01:00Z,80.2531,13.06902,16.01,51.01,10.05,1838.6,3.06,4.19,0,0,SYNTHETIC_SCENARIO_OBSERVATION
OBS-0058,2026-09-11T23:22:00Z,80.25686,13.06586,4.39,17.99,9.12,1062.5,0.48,7.09,3,0,SYNTHETIC_SCENARIO_OBSERVATION
OBS-0059,2026-09-12T01:37:00Z,80.25158,13.08765,9.01,22.88,13.54,287.5,0.47,1.61,3,0,SYNTHETIC_SCENARIO_OBSERVATION
OBS-0060,2026-09-13T18:39:00Z,80.26139,13.08361,14.34,34.56,11.59,1762.2,4.76,6.7,0,0,SYNTHETIC_SCENARIO_OBSERVATION
OBS-0061,2026-09-14T02:57:00Z,80.2636,13.08612,16.2,72.41,2.65,2784.9,1.56,4.64,2,0,SYNTHETIC_SCENARIO_OBSERVATION
OBS-0062,2026-09-15T13:24:00Z,80.2595,13.07139,26.51,144.91,10.98,2480.7,0.55,11.6,0,1,SYNTHETIC_SCENARIO_OBSERVATION
OBS-0063,2026-09-16T15:00:00Z,80.27901,13.06909,19.1,51.18,16.42,194.8,3.04,1.27,4,0,SYNTHETIC_SCENARIO_OBSERVATION
OBS-0064,2026-09-17T20:02:00Z,80.26249,13.06544,3.71,18.93,10.0,273.7,3.16,6.15,0,0,SYNTHETIC_SCENARIO_OBSERVATION
OBS-0065,2026-09-10T21:25:00Z,80.25983,13.07552,7.43,19.15,2.46,1422.0,3.28,6.69,1,0,SYNTHETIC_SCENARIO_OBSERVATION
OBS-0066,2026-09-11T17:08:00Z,80.26899,13.0827,11.63,46.82,16.05,1047.6,1.41,10.29,2,0,SYNTHETIC_SCENARIO_OBSERVATION
OBS-0067,2026-09-12T05:22:00Z,80.25493,13.07677,3.19,9.55,5.23,828.7,0.17,8.25,0,0,SYNTHETIC_SCENARIO_OBSERVATION
OBS-0068,2026-09-13T20:56:00Z,80.27808,13.07812,0.55,4.1,6.28,997.9,4.83,9.51,1,0,SYNTHETIC_SCENARIO_OBSERVATION
OBS-0069,2026-09-14T00:20:00Z,80.25261,13.09212,4.88,15.33,4.55,2816.1,1.33,10.99,0,0,SYNTHETIC_SCENARIO_OBSERVATION
OBS-0070,2026-09-15T09:58:00Z,80.28454,13.07545,3.06,11.85,7.61,3253.7,3.41,12.14,3,0,SYNTHETIC_SCENARIO_OBSERVATION
OBS-0071,2026-09-16T05:54:00Z,80.27703,13.08042,3.76,12.3,15.5,1429.8,3.56,4.74,3,0,SYNTHETIC_SCENARIO_OBSERVATION
OBS-0072,2026-09-17T11:35:00Z,80.25696,13.08851,1.48,9.31,11.11,3173.3,3.09,7.76,1,0,SYNTHETIC_SCENARIO_OBSERVATION
OBS-0073,2026-09-10T12:16:00Z,80.25019,13.0769,0.54,1.51,5.29,1138.8,1.63,11.84,2,0,SYNTHETIC_SCENARIO_OBSERVATION
OBS-0074,2026-09-11T07:57:00Z,80.27854,13.08366,0.25,0.63,17.74,1678.0,1.43,13.86,0,0,SYNTHETIC_SCENARIO_OBSERVATION
OBS-0075,2026-09-12T19:02:00Z,80.27474,13.09087,27.08,154.0,17.77,806.6,3.03,12.51,1,1,SYNTHETIC_SCENARIO_OBSERVATION
OBS-0076,2026-09-13T11:38:00Z,80.27552,13.09349,2.61,19.54,17.61,2248.9,4.34,5.51,3,0,SYNTHETIC_SCENARIO_OBSERVATION
OBS-0077,2026-09-14T11:01:00Z,80.27699,13.06941,1.84,16.98,5.92,3426.9,4.74,3.13,3,0,SYNTHETIC_SCENARIO_OBSERVATION
OBS-0078,2026-09-15T23:45:00Z,80.25259,13.0928,12.94,39.84,9.85,2120.2,0.62,7.11,0,0,SYNTHETIC_SCENARIO_OBSERVATION
OBS-0079,2026-09-16T21:22:00Z,80.26255,13.07976,2.69,8.62,19.72,1265.2,0.86,10.51,0,0,SYNTHETIC_SCENARIO_OBSERVATION
OBS-0080,2026-09-17T04:08:00Z,80.25406,13.07275,30.54,104.82,15.78,2274.4,4.73,7.15,1,0,SYNTHETIC_SCENARIO_OBSERVATION
OBS-0081,2026-09-10T20:10:00Z,80.28021,13.07877,9.79,54.02,2.0,447.8,3.71,7.02,2,1,SYNTHETIC_SCENARIO_OBSERVATION
OBS-0082,2026-09-11T04:34:00Z,80.27182,13.0944,0.78,3.28,2.71,3112.5,4.43,11.82,0,0,SYNTHETIC_SCENARIO_OBSERVATION
OBS-0083,2026-09-12T16:01:00Z,80.26158,13.07978,5.83,18.92,10.08,1770.7,1.09,5.38,1,0,SYNTHETIC_SCENARIO_OBSERVATION
OBS-0084,2026-09-13T23:30:00Z,80.25222,13.07486,20.25,73.95,18.32,1583.7,2.98,12.11,2,0,SYNTHETIC_SCENARIO_OBSERVATION
OBS-0085,2026-09-14T00:38:00Z,80.26088,13.084,45.17,101.34,11.47,2058.8,3.54,5.99,0,1,SYNTHETIC_SCENARIO_OBSERVATION
OBS-0086,2026-09-15T13:36:00Z,80.26138,13.0722,3.26,22.05,10.71,2194.2,3.43,4.93,0,0,SYNTHETIC_SCENARIO_OBSERVATION
OBS-0087,2026-09-16T18:27:00Z,80.27554,13.06728,11.42,33.26,3.45,269.8,2.1,6.63,0,1,SYNTHETIC_SCENARIO_OBSERVATION
OBS-0088,2026-09-17T10:22:00Z,80.27231,13.06887,1.54,6.4,13.65,2395.5,0.18,10.79,2,0,SYNTHETIC_SCENARIO_OBSERVATION
OBS-0089,2026-09-10T01:39:00Z,80.28105,13.06884,41.36,165.53,16.71,861.9,2.96,2.2,2,1,SYNTHETIC_SCENARIO_OBSERVATION
OBS-0090,2026-09-11T08:26:00Z,80.26653,13.06956,3.24,9.22,8.54,2504.6,1.34,3.15,2,0,SYNTHETIC_SCENARIO_OBSERVATION
OBS-0091,2026-09-12T02:01:00Z,80.25419,13.06916,34.27,100.1,15.85,2882.4,2.31,13.34,1,0,SYNTHETIC_SCENARIO_OBSERVATION
OBS-0092,2026-09-13T06:36:00Z,80.27496,13.08423,16.41,36.71,19.34,2817.8,4.79,2.87,4,0,SYNTHETIC_SCENARIO_OBSERVATION
OBS-0093,2026-09-14T20:57:00Z,80.27663,13.07046,4.75,32.75,5.27,1942.7,2.06,8.16,2,0,SYNTHETIC_SCENARIO_OBSERVATION
OBS-0094,2026-09-15T04:51:00Z,80.26964,13.07537,3.43,25.16,11.18,1830.2,4.22,8.32,2,0,SYNTHETIC_SCENARIO_OBSERVATION
OBS-0095,2026-09-16T12:20:00Z,80.27698,13.0919,3.24,9.18,6.81,517.2,1.02,7.11,1,0,SYNTHETIC_SCENARIO_OBSERVATION
OBS-0096,2026-09-17T19:37:00Z,80.26728,13.07922,2.06,6.8,16.17,2718.2,3.4,9.2,1,0,SYNTHETIC_SCENARIO_OBSERVATION
OBS-0097,2026-09-10T19:49:00Z,80.2683,13.08503,1.71,8.72,12.19,964.5,4.89,3.6,2,0,SYNTHETIC_SCENARIO_OBSERVATION
OBS-0098,2026-09-11T01:56:00Z,80.26496,13.07017,0.92,7.22,13.24,1748.5,0.6,7.96,2,0,SYNTHETIC_SCENARIO_OBSERVATION
OBS-0099,2026-09-12T05:40:00Z,80.25089,13.07077,6.88,52.93,16.26,1009.3,0.14,5.52,1,0,SYNTHETIC_SCENARIO_OBSERVATION
OBS-0100,2026-09-13T02:32:00Z,80.25378,13.06623,6.23,15.08,8.83,485.7,2.22,9.43,2,1,SYNTHETIC_SCENARIO_OBSERVATION
OBS-0101,2026-09-14T00:50:00Z,80.2511,13.07007,0.35,2.09,18.43,2210.9,0.55,2.41,2,0,SYNTHETIC_SCENARIO_OBSERVATION
OBS-0102,2026-09-15T04:12:00Z,80.27227,13.07336,25.94,121.7,11.36,209.1,3.77,8.21,0,1,SYNTHETIC_SCENARIO_OBSERVATION
OBS-0103,2026-09-16T18:11:00Z,80.261,13.07031,13.51,75.33,4.42,2625.3,4.58,3.0,1,1,SYNTHETIC_SCENARIO_OBSERVATION
OBS-0104,2026-09-17T15:24:00Z,80.2678,13.06766,20.62,91.97,14.37,1125.2,2.23,4.26,0,0,SYNTHETIC_SCENARIO_OBSERVATION
OBS-0105,2026-09-10T18:34:00Z,80.28176,13.06862,22.97,184.8,16.18,20.5,1.37,3.45,3,1,SYNTHETIC_SCENARIO_OBSERVATION
OBS-0106,2026-09-11T11:29:00Z,80.25873,13.07882,1.88,6.69,7.36,1798.7,2.23,2.97,1,0,SYNTHETIC_SCENARIO_OBSERVATION
OBS-0107,2026-09-12T04:33:00Z,80.26436,13.07119,2.18,17.66,17.36,183.0,3.64,11.65,2,0,SYNTHETIC_SCENARIO_OBSERVATION
OBS-0108,2026-09-13T21:38:00Z,80.27644,13.07593,18.89,49.69,18.26,981.1,0.14,4.36,2,0,SYNTHETIC_SCENARIO_OBSERVATION
OBS-0109,2026-09-14T12:56:00Z,80.25801,13.0801,7.58,41.68,6.62,2480.3,2.99,13.02,0,0,SYNTHETIC_SCENARIO_OBSERVATION
OBS-0110,2026-09-15T14:53:00Z,80.25269,13.08571,1.69,5.85,19.7,238.2,3.11,13.59,4,0,SYNTHETIC_SCENARIO_OBSERVATION
OBS-0111,2026-09-16T02:59:00Z,80.26014,13.06618,24.16,59.22,4.1,2940.9,3.22,8.21,2,0,SYNTHETIC_SCENARIO_OBSERVATION
OBS-0112,2026-09-17T20:19:00Z,80.25564,13.08898,2.92,8.9,5.24,33.3,1.29,2.43,1,1,SYNTHETIC_SCENARIO_OBSERVATION
OBS-0113,2026-09-10T04:23:00Z,80.28254,13.08384,2.54,8.87,4.91,878.9,3.6,5.56,0,0,SYNTHETIC_SCENARIO_OBSERVATION
OBS-0114,2026-09-11T07:53:00Z,80.27828,13.06745,5.75,26.95,18.04,2598.3,0.55,11.27,1,0,SYNTHETIC_SCENARIO_OBSERVATION
OBS-0115,2026-09-12T00:07:00Z,80.27217,13.09121,6.81,31.46,13.6,1120.6,1.08,5.46,1,0,SYNTHETIC_SCENARIO_OBSERVATION
OBS-0116,2026-09-13T23:49:00Z,80.2805,13.09263,10.15,30.37,4.31,374.6,4.4,1.67,0,1,SYNTHETIC_SCENARIO_OBSERVATION
OBS-0117,2026-09-14T19:59:00Z,80.27813,13.06683,1.5,3.36,9.65,1273.6,3.72,8.02,3,0,SYNTHETIC_SCENARIO_OBSERVATION
OBS-0118,2026-09-15T15:49:00Z,80.25653,13.07331,24.37,73.48,12.88,961.0,0.17,11.91,2,1,SYNTHETIC_SCENARIO_OBSERVATION
OBS-0119,2026-09-16T19:11:00Z,80.28124,13.08919,3.19,10.8,3.04,2952.6,1.32,11.25,0,0,SYNTHETIC_SCENARIO_OBSERVATION
OBS-0120,2026-09-17T12:44:00Z,80.26888,13.08745,1.73,4.85,17.82,1110.5,1.15,2.86,2,0,SYNTHETIC_SCENARIO_OBSERVATION
OBS-0121,2026-09-10T09:38:00Z,80.27826,13.07054,20.2,76.86,16.37,2765.5,1.43,9.58,1,0,SYNTHETIC_SCENARIO_OBSERVATION
OBS-0122,2026-09-11T13:31:00Z,80.28136,13.07128,13.2,109.05,10.85,3123.7,1.31,3.48,0,0,SYNTHETIC_SCENARIO_OBSERVATION
OBS-0123,2026-09-12T23:47:00Z,80.26113,13.07611,20.58,69.35,19.39,1529.7,0.41,3.45,2,0,SYNTHETIC_SCENARIO_OBSERVATION
OBS-0124,2026-09-13T14:43:00Z,80.25385,13.07954,25.26,58.04,9.23,3186.6,2.35,12.3,4,0,SYNTHETIC_SCENARIO_OBSERVATION
OBS-0125,2026-09-14T08:39:00Z,80.25798,13.08355,6.01,37.27,19.71,1333.1,3.69,3.87,3,0,SYNTHETIC_SCENARIO_OBSERVATION
OBS-0126,2026-09-15T17:22:00Z,80.26495,13.07607,9.57,28.01,13.86,3375.0,3.07,4.05,2,0,SYNTHETIC_SCENARIO_OBSERVATION
OBS-0127,2026-09-16T17:12:00Z,80.27863,13.07888,0.54,3.19,13.24,330.7,3.4,0.51,2,0,SYNTHETIC_SCENARIO_OBSERVATION
OBS-0128,2026-09-17T17:14:00Z,80.28013,13.08742,5.28,18.38,4.57,2410.8,0.5,12.25,1,0,SYNTHETIC_SCENARIO_OBSERVATION
OBS-0129,2026-09-10T03:48:00Z,80.25024,13.0661,2.18,16.32,17.82,1738.5,4.76,11.2,1,0,SYNTHETIC_SCENARIO_OBSERVATION
OBS-0130,2026-09-11T04:21:00Z,80.26788,13.07257,2.71,10.53,9.41,1369.0,4.21,8.97,3,0,SYNTHETIC_SCENARIO_OBSERVATION
OBS-0131,2026-09-12T15:40:00Z,80.26461,13.0864,16.4,44.98,4.5,2221.8,4.04,10.63,2,0,SYNTHETIC_SCENARIO_OBSERVATION
OBS-0132,2026-09-13T09:23:00Z,80.25777,13.09186,5.31,23.97,1.73,2469.4,4.13,2.55,1,0,SYNTHETIC_SCENARIO_OBSERVATION
OBS-0133,2026-09-14T17:48:00Z,80.2542,13.08035,0.98,2.96,11.86,35.2,4.67,6.69,2,0,SYNTHETIC_SCENARIO_OBSERVATION
OBS-0134,2026-09-15T17:06:00Z,80.26182,13.08096,3.29,8.7,11.26,601.0,2.77,5.24,2,0,SYNTHETIC_SCENARIO_OBSERVATION
OBS-0135,2026-09-16T03:25:00Z,80.283,13.06822,17.08,40.24,14.81,2501.4,1.08,1.77,0,0,SYNTHETIC_SCENARIO_OBSERVATION
OBS-0136,2026-09-17T04:59:00Z,80.26131,13.07842,0.5,2.77,17.97,2339.0,3.12,7.06,2,0,SYNTHETIC_SCENARIO_OBSERVATION
OBS-0137,2026-09-10T22:15:00Z,80.26816,13.08098,15.99,66.68,2.97,3381.8,3.74,12.93,0,0,SYNTHETIC_SCENARIO_OBSERVATION
OBS-0138,2026-09-11T02:25:00Z,80.27461,13.07227,3.67,23.92,15.03,2668.4,3.72,1.04,1,0,SYNTHETIC_SCENARIO_OBSERVATION
OBS-0139,2026-09-12T17:28:00Z,80.26273,13.07308,10.26,22.93,4.97,3328.7,2.66,4.43,3,0,SYNTHETIC_SCENARIO_OBSERVATION
OBS-0140,2026-09-13T22:52:00Z,80.28401,13.07632,13.33,31.41,17.38,2464.8,0.44,3.3,4,0,SYNTHETIC_SCENARIO_OBSERVATION
OBS-0141,2026-09-14T13:14:00Z,80.28369,13.0656,17.61,60.94,16.65,1057.2,1.92,3.71,3,0,SYNTHETIC_SCENARIO_OBSERVATION
OBS-0142,2026-09-15T16:32:00Z,80.25881,13.07466,5.9,14.96,11.5,386.7,4.61,12.76,1,0,SYNTHETIC_SCENARIO_OBSERVATION
OBS-0143,2026-09-16T20:16:00Z,80.2674,13.07134,11.2,39.66,14.64,2740.7,2.96,6.82,2,0,SYNTHETIC_SCENARIO_OBSERVATION
OBS-0144,2026-09-17T22:56:00Z,80.26053,13.07482,9.29,29.19,7.32,2261.6,2.74,6.8,0,0,SYNTHETIC_SCENARIO_OBSERVATION
OBS-0145,2026-09-10T10:16:00Z,80.25997,13.06859,1.43,10.87,10.22,187.7,1.42,10.77,3,0,SYNTHETIC_SCENARIO_OBSERVATION
OBS-0146,2026-09-11T13:28:00Z,80.25129,13.09172,26.89,73.81,16.7,1273.0,1.91,2.59,1,0,SYNTHETIC_SCENARIO_OBSERVATION
OBS-0147,2026-09-12T19:29:00Z,80.27133,13.08281,8.09,55.88,10.0,3349.7,4.49,7.08,1,0,SYNTHETIC_SCENARIO_OBSERVATION
OBS-0148,2026-09-13T18:52:00Z,80.26759,13.08537,14.63,37.6,8.12,1761.4,3.37,6.3,0,0,SYNTHETIC_SCENARIO_OBSERVATION
OBS-0149,2026-09-14T06:55:00Z,80.2518,13.08868,24.86,66.54,10.64,1525.9,3.96,8.56,0,0,SYNTHETIC_SCENARIO_OBSERVATION
OBS-0150,2026-09-15T12:17:00Z,80.25975,13.07995,24.6,70.69,16.82,1612.8,2.33,13.99,1,0,SYNTHETIC_SCENARIO_OBSERVATION
OBS-0151,2026-09-16T22:45:00Z,80.28179,13.06761,4.86,43.13,7.7,746.9,3.19,10.89,1,0,SYNTHETIC_SCENARIO_OBSERVATION
OBS-0152,2026-09-17T00:38:00Z,80.25838,13.08111,13.09,63.49,4.71,1303.1,1.32,5.87,1,1,SYNTHETIC_SCENARIO_OBSERVATION
OBS-0153,2026-09-10T07:17:00Z,80.25507,13.08261,8.04,41.85,14.67,1307.0,3.56,11.67,1,0,SYNTHETIC_SCENARIO_OBSERVATION
OBS-0154,2026-09-11T08:32:00Z,80.26713,13.08736,9.02,39.9,16.78,202.2,2.2,2.8,1,0,SYNTHETIC_SCENARIO_OBSERVATION
OBS-0155,2026-09-12T21:16:00Z,80.2845,13.07795,4.41,33.74,3.36,2691.1,2.27,0.91,0,0,SYNTHETIC_SCENARIO_OBSERVATION
OBS-0156,2026-09-13T18:26:00Z,80.25847,13.06883,20.93,48.9,5.94,1469.4,3.28,3.26,3,0,SYNTHETIC_SCENARIO_OBSERVATION
OBS-0157,2026-09-14T05:34:00Z,80.27352,13.07351,1.78,6.04,4.13,2881.2,4.69,5.1,1,0,SYNTHETIC_SCENARIO_OBSERVATION
OBS-0158,2026-09-15T23:36:00Z,80.27666,13.07589,15.41,74.46,7.94,2979.2,0.41,7.39,0,1,SYNTHETIC_SCENARIO_OBSERVATION
OBS-0159,2026-09-16T01:19:00Z,80.25832,13.08438,17.18,71.91,9.83,757.7,4.14,8.8,0,1,SYNTHETIC_SCENARIO_OBSERVATION
OBS-0160,2026-09-17T03:09:00Z,80.27549,13.08212,0.27,1.04,15.35,2307.6,1.53,12.79,0,0,SYNTHETIC_SCENARIO_OBSERVATION
OBS-0161,2026-09-10T09:23:00Z,80.26287,13.07568,18.97,61.17,13.55,1663.5,2.28,7.38,2,0,SYNTHETIC_SCENARIO_OBSERVATION
OBS-0162,2026-09-11T20:10:00Z,80.27213,13.0946,1.35,4.83,12.99,3082.9,0.21,7.27,3,0,SYNTHETIC_SCENARIO_OBSERVATION
OBS-0163,2026-09-12T15:25:00Z,80.27217,13.08317,6.03,14.29,8.02,770.8,1.58,1.18,0,0,SYNTHETIC_SCENARIO_OBSERVATION
OBS-0164,2026-09-13T16:15:00Z,80.26875,13.07212,13.05,47.62,17.07,2378.8,2.56,0.97,0,0,SYNTHETIC_SCENARIO_OBSERVATION
OBS-0165,2026-09-14T06:15:00Z,80.25316,13.06805,2.74,6.13,10.22,2135.0,0.38,7.94,0,0,SYNTHETIC_SCENARIO_OBSERVATION
OBS-0166,2026-09-15T02:57:00Z,80.27924,13.06959,23.73,59.62,19.61,1047.6,2.51,6.42,1,0,SYNTHETIC_SCENARIO_OBSERVATION
OBS-0167,2026-09-16T15:39:00Z,80.26123,13.07238,10.8,62.46,13.23,495.4,4.64,11.83,4,1,SYNTHETIC_SCENARIO_OBSERVATION
OBS-0168,2026-09-17T11:34:00Z,80.25653,13.06982,10.55,24.79,3.84,2287.7,0.62,2.67,1,0,SYNTHETIC_SCENARIO_OBSERVATION
OBS-0169,2026-09-10T16:20:00Z,80.25143,13.0706,0.03,0.22,14.01,2590.3,3.85,0.84,0,0,SYNTHETIC_SCENARIO_OBSERVATION
OBS-0170,2026-09-11T17:42:00Z,80.27068,13.07355,4.57,11.84,7.51,1118.4,2.11,6.56,0,0,SYNTHETIC_SCENARIO_OBSERVATION
OBS-0171,2026-09-12T03:47:00Z,80.27371,13.0702,7.83,33.58,14.2,2264.0,3.31,3.71,2,0,SYNTHETIC_SCENARIO_OBSERVATION
OBS-0172,2026-09-13T16:31:00Z,80.25058,13.0919,56.64,139.06,2.79,1395.1,1.38,1.17,1,1,SYNTHETIC_SCENARIO_OBSERVATION
OBS-0173,2026-09-14T08:05:00Z,80.26792,13.06741,14.12,34.97,4.74,2502.0,0.88,10.28,0,0,SYNTHETIC_SCENARIO_OBSERVATION
OBS-0174,2026-09-15T23:26:00Z,80.25793,13.08074,4.02,10.53,17.33,713.3,0.89,2.01,1,0,SYNTHETIC_SCENARIO_OBSERVATION
OBS-0175,2026-09-16T19:24:00Z,80.27258,13.07731,13.25,35.18,5.7,3117.9,0.45,8.71,0,0,SYNTHETIC_SCENARIO_OBSERVATION
OBS-0176,2026-09-17T01:08:00Z,80.2561,13.09447,5.62,27.18,16.99,1020.2,1.01,4.29,3,0,SYNTHETIC_SCENARIO_OBSERVATION
OBS-0177,2026-09-10T20:37:00Z,80.27418,13.06836,6.8,52.97,6.67,1299.9,3.35,2.84,1,0,SYNTHETIC_SCENARIO_OBSERVATION
OBS-0178,2026-09-11T02:19:00Z,80.26354,13.07694,0.95,3.96,13.39,222.2,4.42,5.63,0,0,SYNTHETIC_SCENARIO_OBSERVATION
OBS-0179,2026-09-12T05:38:00Z,80.28279,13.09408,8.05,50.1,14.34,408.1,4.09,11.32,0,0,SYNTHETIC_SCENARIO_OBSERVATION
OBS-0180,2026-09-13T00:54:00Z,80.25481,13.09097,9.36,27.28,10.98,1815.2,3.46,5.79,3,0,SYNTHETIC_SCENARIO_OBSERVATION
OBS-0181,2026-09-14T00:36:00Z,80.26194,13.08951,25.51,115.38,7.15,951.2,0.64,10.64,1,1,SYNTHETIC_SCENARIO_OBSERVATION
OBS-0182,2026-09-15T05:44:00Z,80.25397,13.07274,6.46,14.64,5.43,2927.5,1.52,2.19,1,0,SYNTHETIC_SCENARIO_OBSERVATION
OBS-0183,2026-09-16T01:46:00Z,80.28236,13.07013,11.37,35.05,2.11,71.1,1.62,10.93,2,1,SYNTHETIC_SCENARIO_OBSERVATION
OBS-0184,2026-09-17T14:44:00Z,80.28071,13.08506,36.5,94.1,7.12,1339.2,1.32,3.7,2,1,SYNTHETIC_SCENARIO_OBSERVATION
OBS-0185,2026-09-10T13:57:00Z,80.25903,13.09288,0.55,3.79,13.58,1194.0,2.62,9.64,1,0,SYNTHETIC_SCENARIO_OBSERVATION
OBS-0186,2026-09-11T21:06:00Z,80.2731,13.0817,38.92,96.89,18.86,87.3,2.72,8.14,1,1,SYNTHETIC_SCENARIO_OBSERVATION
OBS-0187,2026-09-12T13:57:00Z,80.2786,13.08215,17.24,40.75,17.62,452.8,1.85,13.04,2,0,SYNTHETIC_SCENARIO_OBSERVATION
OBS-0188,2026-09-13T23:58:00Z,80.26943,13.0734,0.66,2.46,15.67,1459.5,1.83,5.73,2,0,SYNTHETIC_SCENARIO_OBSERVATION
OBS-0189,2026-09-14T09:31:00Z,80.26854,13.08808,3.91,12.53,16.09,1735.2,4.16,1.39,2,0,SYNTHETIC_SCENARIO_OBSERVATION
OBS-0190,2026-09-15T16:13:00Z,80.25846,13.07061,15.85,43.11,13.8,1426.9,3.97,0.76,1,0,SYNTHETIC_SCENARIO_OBSERVATION
OBS-0191,2026-09-16T07:35:00Z,80.25326,13.07471,0.39,2.44,6.32,1867.7,1.61,11.66,2,0,SYNTHETIC_SCENARIO_OBSERVATION
OBS-0192,2026-09-17T15:23:00Z,80.2814,13.07776,8.43,30.54,18.28,2091.1,4.58,7.58,2,0,SYNTHETIC_SCENARIO_OBSERVATION
OBS-0193,2026-09-10T12:53:00Z,80.28151,13.08023,3.56,14.86,13.91,54.5,4.77,10.97,2,0,SYNTHETIC_SCENARIO_OBSERVATION
OBS-0194,2026-09-11T19:17:00Z,80.27216,13.07227,5.13,33.95,11.87,1635.1,1.7,3.66,0,0,SYNTHETIC_SCENARIO_OBSERVATION
OBS-0195,2026-09-12T13:17:00Z,80.26187,13.06845,0.37,1.64,3.55,3373.0,1.84,5.16,4,0,SYNTHETIC_SCENARIO_OBSERVATION
OBS-0196,2026-09-13T04:25:00Z,80.26222,13.08332,8.9,71.82,9.77,1826.2,2.58,0.91,2,0,SYNTHETIC_SCENARIO_OBSERVATION
OBS-0197,2026-09-14T08:59:00Z,80.27541,13.07366,13.85,127.06,10.02,2377.8,4.71,13.48,1,1,SYNTHETIC_SCENARIO_OBSERVATION
OBS-0198,2026-09-15T02:07:00Z,80.2814,13.08244,17.89,121.44,17.49,1105.3,4.39,9.52,2,1,SYNTHETIC_SCENARIO_OBSERVATION
OBS-0199,2026-09-16T19:53:00Z,80.28105,13.06963,21.19,48.47,11.61,2713.5,0.6,13.1,2,0,SYNTHETIC_SCENARIO_OBSERVATION
OBS-0200,2026-09-17T09:21:00Z,80.2773,13.07943,1.43,4.88,8.54,2709.8,2.02,4.08,0,0,SYNTHETIC_SCENARIO_OBSERVATION
OBS-0201,2026-09-10T18:29:00Z,80.27247,13.08098,21.77,49.7,19.57,1834.1,2.81,8.75,1,0,SYNTHETIC_SCENARIO_OBSERVATION
OBS-0202,2026-09-11T20:27:00Z,80.25294,13.06655,0.22,0.87,3.55,3416.5,2.57,9.66,2,0,SYNTHETIC_SCENARIO_OBSERVATION
OBS-0203,2026-09-12T02:42:00Z,80.25566,13.0751,0.16,0.78,9.32,456.9,1.05,4.79,1,0,SYNTHETIC_SCENARIO_OBSERVATION
OBS-0204,2026-09-13T10:30:00Z,80.28145,13.06903,3.79,13.68,2.28,79.0,4.31,11.95,3,1,SYNTHETIC_SCENARIO_OBSERVATION
OBS-0205,2026-09-14T16:47:00Z,80.27123,13.0669,5.96,23.47,15.19,2700.2,3.42,13.29,1,0,SYNTHETIC_SCENARIO_OBSERVATION
OBS-0206,2026-09-15T06:35:00Z,80.25032,13.0947,7.05,51.5,18.48,2828.9,4.21,12.45,1,0,SYNTHETIC_SCENARIO_OBSERVATION
OBS-0207,2026-09-16T22:18:00Z,80.25355,13.07467,13.05,40.24,6.68,438.3,4.31,10.48,2,1,SYNTHETIC_SCENARIO_OBSERVATION
OBS-0208,2026-09-17T11:14:00Z,80.27322,13.0893,3.63,20.66,17.38,944.2,3.77,4.25,0,0,SYNTHETIC_SCENARIO_OBSERVATION
OBS-0209,2026-09-10T10:36:00Z,80.25018,13.07264,3.55,11.19,6.91,81.1,2.25,4.3,1,0,SYNTHETIC_SCENARIO_OBSERVATION
OBS-0210,2026-09-11T04:14:00Z,80.25563,13.08545,67.09,204.8,18.35,1040.7,3.09,13.51,1,1,SYNTHETIC_SCENARIO_OBSERVATION
OBS-0211,2026-09-12T17:42:00Z,80.26921,13.08781,2.98,19.44,15.45,2710.5,0.89,0.64,2,0,SYNTHETIC_SCENARIO_OBSERVATION
OBS-0212,2026-09-13T11:01:00Z,80.27422,13.08287,2.55,21.01,16.39,1822.5,3.4,10.17,1,0,SYNTHETIC_SCENARIO_OBSERVATION
OBS-0213,2026-09-14T19:14:00Z,80.27282,13.07915,2.33,6.25,1.83,1231.4,0.98,10.03,2,0,SYNTHETIC_SCENARIO_OBSERVATION
OBS-0214,2026-09-15T19:03:00Z,80.25785,13.07736,14.46,55.43,19.31,1313.7,3.5,8.91,2,0,SYNTHETIC_SCENARIO_OBSERVATION
OBS-0215,2026-09-16T21:49:00Z,80.27493,13.07547,4.98,41.41,14.94,24.7,1.23,13.87,0,0,SYNTHETIC_SCENARIO_OBSERVATION
OBS-0216,2026-09-17T05:22:00Z,80.2583,13.09289,3.91,8.73,7.14,1063.3,0.68,4.71,4,0,SYNTHETIC_SCENARIO_OBSERVATION
OBS-0217,2026-09-10T18:10:00Z,80.26139,13.08992,0.36,3.01,16.84,2269.7,0.91,5.09,3,0,SYNTHETIC_SCENARIO_OBSERVATION
OBS-0218,2026-09-11T23:01:00Z,80.27613,13.09395,13.71,39.93,6.71,3410.2,0.11,1.57,0,0,SYNTHETIC_SCENARIO_OBSERVATION
OBS-0219,2026-09-12T07:28:00Z,80.27274,13.06873,16.53,37.2,17.65,2967.8,3.62,6.48,1,0,SYNTHETIC_SCENARIO_OBSERVATION
OBS-0220,2026-09-13T10:36:00Z,80.27972,13.08693,2.05,11.17,3.58,102.1,3.69,4.02,1,0,SYNTHETIC_SCENARIO_OBSERVATION
OBS-0221,2026-09-14T17:54:00Z,80.27302,13.09315,15.8,105.46,14.52,3147.0,2.62,5.14,2,0,SYNTHETIC_SCENARIO_OBSERVATION
OBS-0222,2026-09-15T17:13:00Z,80.26989,13.07044,0.82,5.73,11.5,2745.5,0.89,11.77,1,0,SYNTHETIC_SCENARIO_OBSERVATION
OBS-0223,2026-09-16T21:09:00Z,80.25328,13.06699,4.09,19.82,3.29,2735.7,0.51,13.13,0,0,SYNTHETIC_SCENARIO_OBSERVATION
OBS-0224,2026-09-17T02:08:00Z,80.26287,13.08723,13.62,100.64,5.98,1613.8,0.19,3.01,0,1,SYNTHETIC_SCENARIO_OBSERVATION
OBS-0225,2026-09-10T02:10:00Z,80.25928,13.08223,6.52,19.05,1.73,1405.1,0.91,5.53,1,1,SYNTHETIC_SCENARIO_OBSERVATION
OBS-0226,2026-09-11T11:11:00Z,80.25854,13.09025,4.34,35.61,10.17,1074.1,4.47,13.04,1,0,SYNTHETIC_SCENARIO_OBSERVATION
OBS-0227,2026-09-12T02:52:00Z,80.28406,13.06919,4.94,17.74,7.07,248.6,1.28,1.33,1,0,SYNTHETIC_SCENARIO_OBSERVATION
OBS-0228,2026-09-13T06:13:00Z,80.26376,13.08886,5.03,11.22,12.57,814.3,1.84,1.75,4,0,SYNTHETIC_SCENARIO_OBSERVATION
OBS-0229,2026-09-14T23:27:00Z,80.28122,13.07105,55.69,144.68,7.0,878.2,0.62,2.7,0,1,SYNTHETIC_SCENARIO_OBSERVATION
OBS-0230,2026-09-15T10:38:00Z,80.27209,13.06991,5.81,18.43,7.05,1704.6,1.19,8.54,3,0,SYNTHETIC_SCENARIO_OBSERVATION
OBS-0231,2026-09-16T20:09:00Z,80.27782,13.06993,16.28,78.58,15.25,2621.1,2.64,2.53,4,0,SYNTHETIC_SCENARIO_OBSERVATION
OBS-0232,2026-09-17T10:14:00Z,80.26759,13.08944,2.91,9.15,2.39,1668.9,3.08,13.57,1,1,SYNTHETIC_SCENARIO_OBSERVATION
OBS-0233,2026-09-10T18:47:00Z,80.27019,13.08496,2.39,8.39,18.2,221.3,1.3,6.53,1,0,SYNTHETIC_SCENARIO_OBSERVATION
OBS-0234,2026-09-11T21:20:00Z,80.26724,13.08069,0.28,1.11,17.27,3353.1,0.38,7.27,1,0,SYNTHETIC_SCENARIO_OBSERVATION
OBS-0235,2026-09-12T19:43:00Z,80.25683,13.07576,5.38,36.91,13.85,3300.7,2.02,3.83,0,0,SYNTHETIC_SCENARIO_OBSERVATION
OBS-0236,2026-09-13T17:22:00Z,80.27529,13.09132,6.6,16.09,12.47,2752.5,1.25,6.86,3,0,SYNTHETIC_SCENARIO_OBSERVATION
OBS-0237,2026-09-14T12:04:00Z,80.25983,13.07677,18.0,69.92,18.01,3469.8,1.18,9.44,2,0,SYNTHETIC_SCENARIO_OBSERVATION
OBS-0238,2026-09-15T03:27:00Z,80.25085,13.0895,3.77,22.43,4.93,1914.8,4.8,10.64,1,0,SYNTHETIC_SCENARIO_OBSERVATION
OBS-0239,2026-09-16T13:07:00Z,80.27259,13.07817,27.6,120.68,2.96,3370.4,3.12,10.68,3,1,SYNTHETIC_SCENARIO_OBSERVATION
OBS-0240,2026-09-17T08:56:00Z,80.2562,13.07631,1.76,7.18,5.93,283.1,2.83,8.3,4,0,SYNTHETIC_SCENARIO_OBSERVATION
OBS-0241,2026-09-10T18:34:00Z,80.28292,13.07888,27.68,71.04,16.2,1292.6,2.14,12.71,0,0,SYNTHETIC_SCENARIO_OBSERVATION
OBS-0242,2026-09-11T04:20:00Z,80.28339,13.07404,18.71,52.46,2.14,804.3,2.2,11.54,3,1,SYNTHETIC_SCENARIO_OBSERVATION
OBS-0243,2026-09-12T17:32:00Z,80.28202,13.08743,19.05,51.58,12.28,701.5,2.75,10.72,1,1,SYNTHETIC_SCENARIO_OBSERVATION
OBS-0244,2026-09-13T07:50:00Z,80.26296,13.08008,6.77,65.2,19.92,510.0,3.51,1.25,2,0,SYNTHETIC_SCENARIO_OBSERVATION
OBS-0245,2026-09-14T16:16:00Z,80.25054,13.07197,12.31,50.1,17.33,2186.0,3.54,0.59,1,0,SYNTHETIC_SCENARIO_OBSERVATION
OBS-0246,2026-09-15T10:30:00Z,80.28249,13.09199,9.25,34.44,11.15,2739.0,0.94,3.37,1,0,SYNTHETIC_SCENARIO_OBSERVATION
OBS-0247,2026-09-16T01:05:00Z,80.26499,13.07652,0.53,4.92,2.68,2032.5,2.55,9.46,3,0,SYNTHETIC_SCENARIO_OBSERVATION
OBS-0248,2026-09-17T21:13:00Z,80.28383,13.08131,0.22,1.16,16.88,531.4,2.12,6.05,2,0,SYNTHETIC_SCENARIO_OBSERVATION
OBS-0249,2026-09-10T02:11:00Z,80.28373,13.09219,32.5,88.77,12.58,2842.7,4.37,5.93,2,0,SYNTHETIC_SCENARIO_OBSERVATION
OBS-0250,2026-09-11T03:11:00Z,80.27986,13.08373,4.97,33.56,3.63,2233.1,3.19,12.44,0,0,SYNTHETIC_SCENARIO_OBSERVATION
OBS-0251,2026-09-12T12:01:00Z,80.26031,13.06851,16.01,55.73,3.24,1370.8,2.71,12.59,1,1,SYNTHETIC_SCENARIO_OBSERVATION
OBS-0252,2026-09-13T01:14:00Z,80.26348,13.09319,4.03,22.99,18.33,2366.0,0.67,12.77,1,0,SYNTHETIC_SCENARIO_OBSERVATION
OBS-0253,2026-09-14T22:28:00Z,80.27979,13.08383,0.46,4.37,13.88,924.5,3.07,4.74,2,0,SYNTHETIC_SCENARIO_OBSERVATION
OBS-0254,2026-09-15T16:31:00Z,80.26109,13.07505,0.86,4.68,16.84,1221.3,0.67,9.83,3,0,SYNTHETIC_SCENARIO_OBSERVATION
OBS-0255,2026-09-16T06:29:00Z,80.25593,13.06918,17.88,40.49,17.76,3212.9,1.75,4.17,3,0,SYNTHETIC_SCENARIO_OBSERVATION
OBS-0256,2026-09-17T13:43:00Z,80.26949,13.08882,7.49,19.69,12.08,1031.0,0.8,3.07,2,0,SYNTHETIC_SCENARIO_OBSERVATION
OBS-0257,2026-09-10T16:31:00Z,80.28277,13.0836,3.41,7.83,11.07,1655.6,3.49,2.99,0,0,SYNTHETIC_SCENARIO_OBSERVATION
OBS-0258,2026-09-11T13:05:00Z,80.27436,13.081,6.41,23.68,9.46,3117.7,1.11,5.12,2,0,SYNTHETIC_SCENARIO_OBSERVATION
OBS-0259,2026-09-12T18:23:00Z,80.26995,13.09182,0.32,2.32,7.36,2482.9,2.02,6.3,0,0,SYNTHETIC_SCENARIO_OBSERVATION
OBS-0260,2026-09-13T05:26:00Z,80.2534,13.08866,8.91,30.53,9.54,236.5,4.49,11.72,2,0,SYNTHETIC_SCENARIO_OBSERVATION
OBS-0261,2026-09-14T17:23:00Z,80.27153,13.06955,2.84,10.97,15.82,532.6,1.1,2.12,3,0,SYNTHETIC_SCENARIO_OBSERVATION
OBS-0262,2026-09-15T04:55:00Z,80.28465,13.07435,22.11,55.91,12.64,47.3,2.59,10.42,1,1,SYNTHETIC_SCENARIO_OBSERVATION
OBS-0263,2026-09-16T23:37:00Z,80.2549,13.07245,1.75,13.01,18.01,2215.6,2.15,7.67,3,0,SYNTHETIC_SCENARIO_OBSERVATION
OBS-0264,2026-09-17T01:39:00Z,80.26814,13.08732,5.76,21.26,9.7,1577.9,0.19,4.39,1,0,SYNTHETIC_SCENARIO_OBSERVATION
OBS-0265,2026-09-10T14:14:00Z,80.28071,13.06601,0.06,0.41,12.73,487.3,3.98,7.15,0,0,SYNTHETIC_SCENARIO_OBSERVATION
OBS-0266,2026-09-11T10:21:00Z,80.27593,13.0821,0.56,2.63,13.18,3353.6,0.44,4.55,3,0,SYNTHETIC_SCENARIO_OBSERVATION
OBS-0267,2026-09-12T21:23:00Z,80.2744,13.08787,6.25,17.44,12.45,1863.2,2.42,8.55,0,0,SYNTHETIC_SCENARIO_OBSERVATION
OBS-0268,2026-09-13T00:17:00Z,80.27459,13.0913,6.1,22.88,14.5,861.8,2.85,6.36,2,0,SYNTHETIC_SCENARIO_OBSERVATION
OBS-0269,2026-09-14T11:11:00Z,80.26258,13.07526,7.43,32.07,5.89,1762.1,3.18,2.72,2,0,SYNTHETIC_SCENARIO_OBSERVATION
OBS-0270,2026-09-15T10:27:00Z,80.26028,13.08964,2.87,12.07,10.98,2385.1,3.47,2.07,4,0,SYNTHETIC_SCENARIO_OBSERVATION
OBS-0271,2026-09-16T07:59:00Z,80.27833,13.06832,10.84,41.56,3.43,285.3,1.34,7.88,3,1,SYNTHETIC_SCENARIO_OBSERVATION
OBS-0272,2026-09-17T06:22:00Z,80.27835,13.09039,25.8,68.84,8.61,976.0,0.15,12.68,2,1,SYNTHETIC_SCENARIO_OBSERVATION
OBS-0273,2026-09-10T20:33:00Z,80.28035,13.06882,21.84,52.97,10.52,2828.2,3.64,5.14,2,0,SYNTHETIC_SCENARIO_OBSERVATION
OBS-0274,2026-09-11T10:21:00Z,80.28196,13.07692,0.61,1.41,13.57,1619.6,2.72,10.4,3,0,SYNTHETIC_SCENARIO_OBSERVATION
OBS-0275,2026-09-12T09:34:00Z,80.2679,13.08892,8.61,22.92,19.08,1922.1,4.2,9.39,2,0,SYNTHETIC_SCENARIO_OBSERVATION
OBS-0276,2026-09-13T19:28:00Z,80.26755,13.0695,0.82,3.88,12.61,1526.2,4.12,13.08,2,0,SYNTHETIC_SCENARIO_OBSERVATION
OBS-0277,2026-09-14T09:27:00Z,80.27794,13.07188,3.31,9.7,15.26,172.8,4.23,11.58,0,0,SYNTHETIC_SCENARIO_OBSERVATION
OBS-0278,2026-09-15T17:13:00Z,80.27275,13.08667,38.25,151.1,10.87,596.8,2.48,8.15,2,1,SYNTHETIC_SCENARIO_OBSERVATION
OBS-0279,2026-09-16T17:27:00Z,80.27457,13.0866,1.02,5.38,13.23,1570.5,1.73,9.37,1,0,SYNTHETIC_SCENARIO_OBSERVATION
OBS-0280,2026-09-17T23:07:00Z,80.27785,13.08423,9.54,24.18,2.81,748.0,3.98,12.63,2,1,SYNTHETIC_SCENARIO_OBSERVATION
OBS-0281,2026-09-10T09:53:00Z,80.28115,13.08582,3.82,33.7,6.21,193.9,2.31,5.89,2,1,SYNTHETIC_SCENARIO_OBSERVATION
OBS-0282,2026-09-11T12:52:00Z,80.26183,13.08128,17.63,42.43,8.19,2955.9,1.0,4.91,2,0,SYNTHETIC_SCENARIO_OBSERVATION
OBS-0283,2026-09-12T07:03:00Z,80.26315,13.07255,7.51,28.71,10.24,3434.6,4.29,0.65,2,0,SYNTHETIC_SCENARIO_OBSERVATION
OBS-0284,2026-09-13T03:04:00Z,80.25329,13.07537,0.11,0.34,2.34,2780.1,4.42,11.66,2,0,SYNTHETIC_SCENARIO_OBSERVATION
OBS-0285,2026-09-14T00:48:00Z,80.27024,13.07045,4.58,13.83,4.09,2991.2,2.38,11.31,2,0,SYNTHETIC_SCENARIO_OBSERVATION
OBS-0286,2026-09-15T01:29:00Z,80.25126,13.09225,10.55,25.52,6.62,862.1,0.47,1.91,1,0,SYNTHETIC_SCENARIO_OBSERVATION
OBS-0287,2026-09-16T07:38:00Z,80.2663,13.0825,1.04,3.22,19.47,3363.0,2.0,8.29,2,0,SYNTHETIC_SCENARIO_OBSERVATION
OBS-0288,2026-09-17T14:25:00Z,80.26899,13.07703,4.76,15.11,7.63,705.3,4.04,6.76,4,0,SYNTHETIC_SCENARIO_OBSERVATION
OBS-0289,2026-09-10T04:33:00Z,80.26003,13.07886,0.15,1.18,10.42,3331.0,4.52,2.1,0,0,SYNTHETIC_SCENARIO_OBSERVATION
OBS-0290,2026-09-11T06:39:00Z,80.27068,13.09342,0.81,2.86,5.13,3482.0,1.1,13.74,0,0,SYNTHETIC_SCENARIO_OBSERVATION
OBS-0291,2026-09-12T06:38:00Z,80.25107,13.0696,2.7,17.7,12.8,2496.8,0.43,3.4,1,0,SYNTHETIC_SCENARIO_OBSERVATION
OBS-0292,2026-09-13T13:52:00Z,80.25131,13.08259,1.78,4.98,6.69,3434.4,4.4,1.41,0,0,SYNTHETIC_SCENARIO_OBSERVATION
OBS-0293,2026-09-14T17:37:00Z,80.27879,13.08018,8.19,29.34,5.33,2002.0,2.01,8.53,3,0,SYNTHETIC_SCENARIO_OBSERVATION
OBS-0294,2026-09-15T03:41:00Z,80.26261,13.08334,13.84,40.93,11.06,923.2,2.75,10.47,0,0,SYNTHETIC_SCENARIO_OBSERVATION
OBS-0295,2026-09-16T17:43:00Z,80.25445,13.06554,6.47,56.43,1.6,1540.7,4.84,0.94,0,1,SYNTHETIC_SCENARIO_OBSERVATION
OBS-0296,2026-09-17T15:24:00Z,80.26828,13.09116,1.01,7.82,1.64,2085.6,0.43,9.39,3,0,SYNTHETIC_SCENARIO_OBSERVATION
OBS-0297,2026-09-10T06:37:00Z,80.27695,13.09296,2.25,6.42,5.55,274.3,3.28,7.69,1,0,SYNTHETIC_SCENARIO_OBSERVATION
OBS-0298,2026-09-11T04:02:00Z,80.25755,13.08195,0.48,3.87,2.18,2185.8,0.46,1.89,2,0,SYNTHETIC_SCENARIO_OBSERVATION
OBS-0299,2026-09-12T11:30:00Z,80.2718,13.0859,4.42,35.41,3.5,3434.5,1.94,2.83,0,0,SYNTHETIC_SCENARIO_OBSERVATION
OBS-0300,2026-09-13T14:41:00Z,80.25299,13.09267,4.47,42.9,7.77,681.6,4.04,8.17,0,0,SYNTHETIC_SCENARIO_OBSERVATION
OBS-0301,2026-09-14T19:18:00Z,80.25181,13.08622,0.49,1.12,16.35,2778.2,2.22,4.5,2,0,SYNTHETIC_SCENARIO_OBSERVATION
OBS-0302,2026-09-15T15:59:00Z,80.2686,13.06958,34.5,96.33,12.08,3179.5,4.99,13.17,0,0,SYNTHETIC_SCENARIO_OBSERVATION
OBS-0303,2026-09-16T10:39:00Z,80.26892,13.08229,0.42,1.87,10.98,3304.1,2.84,11.55,0,0,SYNTHETIC_SCENARIO_OBSERVATION
OBS-0304,2026-09-17T02:22:00Z,80.27231,13.0832,5.56,27.28,6.93,3361.3,1.67,13.78,2,0,SYNTHETIC_SCENARIO_OBSERVATION
OBS-0305,2026-09-10T06:22:00Z,80.27541,13.07772,9.61,43.21,18.74,1834.7,1.18,4.01,2,0,SYNTHETIC_SCENARIO_OBSERVATION
OBS-0306,2026-09-11T06:45:00Z,80.28415,13.08709,26.6,71.67,8.84,3421.0,1.82,13.59,2,0,SYNTHETIC_SCENARIO_OBSERVATION
OBS-0307,2026-09-12T01:41:00Z,80.26807,13.09303,14.53,43.82,3.11,2655.4,1.93,6.32,3,0,SYNTHETIC_SCENARIO_OBSERVATION
OBS-0308,2026-09-13T18:57:00Z,80.2613,13.09277,9.33,56.63,12.92,582.6,0.44,5.19,2,0,SYNTHETIC_SCENARIO_OBSERVATION
OBS-0309,2026-09-14T08:47:00Z,80.27783,13.07853,2.34,14.51,3.61,1679.6,1.91,1.18,3,0,SYNTHETIC_SCENARIO_OBSERVATION
OBS-0310,2026-09-15T18:17:00Z,80.25948,13.0684,7.94,59.03,7.89,2519.8,2.37,1.21,2,0,SYNTHETIC_SCENARIO_OBSERVATION
OBS-0311,2026-09-16T08:47:00Z,80.26536,13.09455,0.97,2.92,10.89,880.7,3.64,9.84,1,0,SYNTHETIC_SCENARIO_OBSERVATION
OBS-0312,2026-09-17T12:41:00Z,80.25275,13.09017,28.97,78.82,17.67,2249.3,3.32,6.68,3,0,SYNTHETIC_SCENARIO_OBSERVATION
OBS-0313,2026-09-10T19:13:00Z,80.25089,13.06874,5.35,27.76,10.63,2339.8,3.57,3.56,1,0,SYNTHETIC_SCENARIO_OBSERVATION
OBS-0314,2026-09-11T11:24:00Z,80.28369,13.09263,6.39,59.5,14.49,586.2,0.14,8.79,1,0,SYNTHETIC_SCENARIO_OBSERVATION
OBS-0315,2026-09-12T18:38:00Z,80.27926,13.0911,2.71,21.07,19.87,1986.5,1.17,3.91,0,0,SYNTHETIC_SCENARIO_OBSERVATION
OBS-0316,2026-09-13T22:14:00Z,80.27436,13.08057,15.84,36.11,3.93,2705.3,3.34,8.3,1,0,SYNTHETIC_SCENARIO_OBSERVATION
OBS-0317,2026-09-14T15:26:00Z,80.26431,13.08274,5.32,26.16,6.58,1756.2,2.47,5.35,1,0,SYNTHETIC_SCENARIO_OBSERVATION
OBS-0318,2026-09-15T07:09:00Z,80.25607,13.07697,17.0,46.03,8.8,62.1,0.13,11.62,3,1,SYNTHETIC_SCENARIO_OBSERVATION
OBS-0319,2026-09-16T03:50:00Z,80.25548,13.06664,0.95,2.98,9.3,51.5,4.04,11.58,0,0,SYNTHETIC_SCENARIO_OBSERVATION
OBS-0320,2026-09-17T18:27:00Z,80.25876,13.07506,0.51,2.18,9.1,1262.5,3.89,6.94,1,0,SYNTHETIC_SCENARIO_OBSERVATION
OBS-0321,2026-09-10T20:58:00Z,80.26922,13.08909,1.71,9.93,18.29,3243.2,2.79,5.24,1,0,SYNTHETIC_SCENARIO_OBSERVATION
OBS-0322,2026-09-11T14:13:00Z,80.27501,13.06514,0.87,6.08,14.71,815.8,0.43,5.39,1,0,SYNTHETIC_SCENARIO_OBSERVATION
OBS-0323,2026-09-12T00:47:00Z,80.27311,13.075,22.66,71.89,12.75,2227.6,3.86,11.38,1,0,SYNTHETIC_SCENARIO_OBSERVATION
OBS-0324,2026-09-13T09:18:00Z,80.2598,13.07695,3.21,8.66,7.22,792.8,2.96,4.93,1,0,SYNTHETIC_SCENARIO_OBSERVATION
OBS-0325,2026-09-14T21:02:00Z,80.28342,13.08112,42.41,130.34,16.74,1139.4,3.93,3.32,0,1,SYNTHETIC_SCENARIO_OBSERVATION
OBS-0326,2026-09-15T04:40:00Z,80.27583,13.0926,4.11,14.38,19.17,2971.2,3.78,1.64,1,0,SYNTHETIC_SCENARIO_OBSERVATION
OBS-0327,2026-09-16T17:10:00Z,80.2694,13.07539,0.81,7.04,16.69,2556.4,4.03,6.8,2,0,SYNTHETIC_SCENARIO_OBSERVATION
OBS-0328,2026-09-17T15:01:00Z,80.27141,13.07541,23.96,54.57,1.53,352.0,2.64,7.01,2,1,SYNTHETIC_SCENARIO_OBSERVATION
OBS-0329,2026-09-10T11:53:00Z,80.26469,13.08713,14.28,37.63,13.27,1511.9,0.79,11.85,0,0,SYNTHETIC_SCENARIO_OBSERVATION
OBS-0330,2026-09-11T05:42:00Z,80.25867,13.07857,4.89,24.13,2.45,121.5,3.39,3.49,1,1,SYNTHETIC_SCENARIO_OBSERVATION
OBS-0331,2026-09-12T07:43:00Z,80.26246,13.07174,12.57,28.37,6.27,1693.5,3.14,5.64,6,0,SYNTHETIC_SCENARIO_OBSERVATION
OBS-0332,2026-09-13T01:08:00Z,80.27652,13.07857,13.81,44.45,2.6,2325.3,3.74,11.41,1,1,SYNTHETIC_SCENARIO_OBSERVATION
OBS-0333,2026-09-14T14:01:00Z,80.2505,13.06923,2.76,9.08,12.67,432.4,0.93,11.62,1,0,SYNTHETIC_SCENARIO_OBSERVATION
OBS-0334,2026-09-15T00:09:00Z,80.25406,13.07029,71.03,196.3,14.2,1025.3,1.06,5.69,1,1,SYNTHETIC_SCENARIO_OBSERVATION
OBS-0335,2026-09-16T01:43:00Z,80.25161,13.07995,49.48,128.82,3.62,1404.5,4.46,6.7,1,1,SYNTHETIC_SCENARIO_OBSERVATION
OBS-0336,2026-09-17T22:07:00Z,80.25143,13.07757,12.13,36.78,8.6,3220.0,3.77,4.59,1,0,SYNTHETIC_SCENARIO_OBSERVATION
OBS-0337,2026-09-10T04:53:00Z,80.27994,13.09245,1.13,7.79,9.94,3476.5,4.55,13.09,3,0,SYNTHETIC_SCENARIO_OBSERVATION
OBS-0338,2026-09-11T00:46:00Z,80.27463,13.07587,8.72,39.91,8.33,176.3,3.82,2.1,1,0,SYNTHETIC_SCENARIO_OBSERVATION
OBS-0339,2026-09-12T05:43:00Z,80.2666,13.08242,1.11,2.62,3.74,2668.3,3.03,13.11,1,0,SYNTHETIC_SCENARIO_OBSERVATION
OBS-0340,2026-09-13T07:44:00Z,80.25342,13.08397,0.19,1.09,9.25,1313.6,3.31,9.73,0,0,SYNTHETIC_SCENARIO_OBSERVATION
OBS-0341,2026-09-14T18:31:00Z,80.26721,13.06539,2.4,10.43,15.4,1385.8,4.46,7.68,3,0,SYNTHETIC_SCENARIO_OBSERVATION
OBS-0342,2026-09-15T00:42:00Z,80.26657,13.08491,5.46,21.74,2.81,2644.8,2.94,0.94,0,0,SYNTHETIC_SCENARIO_OBSERVATION
OBS-0343,2026-09-16T19:32:00Z,80.25606,13.07034,18.01,70.95,2.98,3216.1,3.2,6.92,0,1,SYNTHETIC_SCENARIO_OBSERVATION
OBS-0344,2026-09-17T07:31:00Z,80.26518,13.09383,14.3,45.46,8.06,3329.2,0.87,6.0,2,0,SYNTHETIC_SCENARIO_OBSERVATION
OBS-0345,2026-09-10T04:16:00Z,80.26395,13.06946,20.43,47.51,18.92,2028.4,2.42,2.68,1,0,SYNTHETIC_SCENARIO_OBSERVATION
OBS-0346,2026-09-11T07:56:00Z,80.27155,13.07744,3.57,19.4,13.87,1262.8,3.61,9.36,3,0,SYNTHETIC_SCENARIO_OBSERVATION
OBS-0347,2026-09-12T09:33:00Z,80.27223,13.06756,2.12,14.86,14.06,2760.7,1.43,13.61,1,0,SYNTHETIC_SCENARIO_OBSERVATION
OBS-0348,2026-09-13T08:55:00Z,80.25159,13.09491,2.74,16.23,8.2,893.5,1.09,8.09,0,0,SYNTHETIC_SCENARIO_OBSERVATION
OBS-0349,2026-09-14T22:34:00Z,80.26311,13.08007,63.12,153.79,12.48,1983.0,1.64,10.15,5,1,SYNTHETIC_SCENARIO_OBSERVATION
OBS-0350,2026-09-15T17:06:00Z,80.27191,13.08286,0.47,1.43,1.69,1267.9,1.28,1.42,1,0,SYNTHETIC_SCENARIO_OBSERVATION
OBS-0351,2026-09-16T14:52:00Z,80.26761,13.06701,14.13,70.62,13.27,2305.1,1.15,6.14,2,0,SYNTHETIC_SCENARIO_OBSERVATION
OBS-0352,2026-09-17T21:19:00Z,80.27998,13.0875,11.66,30.25,18.4,856.6,2.18,2.07,2,0,SYNTHETIC_SCENARIO_OBSERVATION
OBS-0353,2026-09-10T17:24:00Z,80.27305,13.0713,8.11,20.21,12.83,686.7,4.55,8.77,0,0,SYNTHETIC_SCENARIO_OBSERVATION
OBS-0354,2026-09-11T02:59:00Z,80.2557,13.09194,17.92,45.22,17.66,3215.5,2.58,13.17,0,0,SYNTHETIC_SCENARIO_OBSERVATION
OBS-0355,2026-09-12T22:45:00Z,80.25247,13.07115,9.84,23.34,14.89,374.3,1.02,9.43,1,0,SYNTHETIC_SCENARIO_OBSERVATION
OBS-0356,2026-09-13T23:33:00Z,80.27248,13.07072,13.62,72.34,3.73,1780.7,0.48,1.54,3,1,SYNTHETIC_SCENARIO_OBSERVATION
OBS-0357,2026-09-14T13:21:00Z,80.25093,13.0661,29.45,80.84,18.2,788.6,3.51,5.29,1,0,SYNTHETIC_SCENARIO_OBSERVATION
OBS-0358,2026-09-15T10:47:00Z,80.2705,13.07916,5.01,19.17,2.73,155.5,1.98,7.93,2,1,SYNTHETIC_SCENARIO_OBSERVATION
OBS-0359,2026-09-16T07:38:00Z,80.28291,13.08195,4.48,11.34,11.38,145.3,4.13,5.94,0,0,SYNTHETIC_SCENARIO_OBSERVATION
OBS-0360,2026-09-17T10:34:00Z,80.27014,13.06697,11.15,31.41,4.13,629.8,3.33,11.75,2,1,SYNTHETIC_SCENARIO_OBSERVATION
OBS-0361,2026-09-10T16:45:00Z,80.26359,13.08827,31.68,85.21,1.72,3036.4,4.0,11.5,0,1,SYNTHETIC_SCENARIO_OBSERVATION
OBS-0362,2026-09-11T05:07:00Z,80.27252,13.0786,2.73,8.28,9.31,1003.0,1.43,8.76,1,0,SYNTHETIC_SCENARIO_OBSERVATION
OBS-0363,2026-09-12T21:36:00Z,80.26604,13.08073,5.53,34.14,6.96,3327.6,3.49,5.54,0,0,SYNTHETIC_SCENARIO_OBSERVATION
OBS-0364,2026-09-13T07:33:00Z,80.2691,13.07822,10.16,34.95,10.49,2044.0,1.39,3.95,1,0,SYNTHETIC_SCENARIO_OBSERVATION
OBS-0365,2026-09-14T14:43:00Z,80.28295,13.07702,20.56,46.23,12.18,1539.4,4.7,1.93,1,0,SYNTHETIC_SCENARIO_OBSERVATION
OBS-0366,2026-09-15T16:32:00Z,80.26351,13.08179,2.11,4.94,2.31,2038.7,3.22,5.29,0,0,SYNTHETIC_SCENARIO_OBSERVATION
OBS-0367,2026-09-16T14:45:00Z,80.28364,13.06966,5.07,44.04,3.78,1818.1,1.69,6.08,1,0,SYNTHETIC_SCENARIO_OBSERVATION
OBS-0368,2026-09-17T19:53:00Z,80.28169,13.07046,13.23,83.9,11.83,2660.5,1.42,9.62,1,0,SYNTHETIC_SCENARIO_OBSERVATION
OBS-0369,2026-09-10T15:28:00Z,80.25685,13.09085,1.01,6.93,7.85,1003.1,1.04,9.39,1,0,SYNTHETIC_SCENARIO_OBSERVATION
OBS-0370,2026-09-11T08:32:00Z,80.25243,13.09338,3.36,9.49,14.99,1248.6,3.5,1.45,2,0,SYNTHETIC_SCENARIO_OBSERVATION
OBS-0371,2026-09-12T16:28:00Z,80.25353,13.0762,48.04,124.4,13.57,3131.4,1.17,5.84,1,1,SYNTHETIC_SCENARIO_OBSERVATION
OBS-0372,2026-09-13T12:20:00Z,80.25064,13.07312,1.22,6.99,17.14,3313.7,3.02,2.95,3,0,SYNTHETIC_SCENARIO_OBSERVATION
OBS-0373,2026-09-14T20:04:00Z,80.25331,13.08432,18.68,67.44,14.31,3126.1,1.4,2.62,1,0,SYNTHETIC_SCENARIO_OBSERVATION
OBS-0374,2026-09-15T09:05:00Z,80.27391,13.07726,9.35,23.72,9.45,1479.7,3.34,11.67,0,0,SYNTHETIC_SCENARIO_OBSERVATION
OBS-0375,2026-09-16T23:50:00Z,80.25249,13.06576,3.54,9.94,13.95,2735.7,4.09,1.07,2,0,SYNTHETIC_SCENARIO_OBSERVATION
OBS-0376,2026-09-17T12:00:00Z,80.26116,13.06968,20.75,71.61,6.59,1677.6,3.91,6.16,3,1,SYNTHETIC_SCENARIO_OBSERVATION
OBS-0377,2026-09-10T19:56:00Z,80.27957,13.08648,6.32,20.63,7.17,1751.4,3.83,2.77,2,0,SYNTHETIC_SCENARIO_OBSERVATION
OBS-0378,2026-09-11T14:45:00Z,80.25081,13.08477,7.04,25.31,16.1,732.3,1.02,12.37,1,0,SYNTHETIC_SCENARIO_OBSERVATION
OBS-0379,2026-09-12T07:09:00Z,80.27851,13.06581,3.18,15.58,9.76,2077.1,0.53,8.02,1,0,SYNTHETIC_SCENARIO_OBSERVATION
OBS-0380,2026-09-13T08:48:00Z,80.25986,13.07166,9.37,31.46,16.27,667.8,3.52,3.62,2,0,SYNTHETIC_SCENARIO_OBSERVATION
OBS-0381,2026-09-14T08:02:00Z,80.25414,13.07193,2.13,6.25,16.71,1173.8,1.9,7.28,2,0,SYNTHETIC_SCENARIO_OBSERVATION
OBS-0382,2026-09-15T10:11:00Z,80.27439,13.08516,7.04,17.36,17.36,2995.5,2.22,10.38,2,0,SYNTHETIC_SCENARIO_OBSERVATION
OBS-0383,2026-09-16T09:24:00Z,80.27201,13.06559,39.39,122.05,18.46,740.6,0.25,13.43,2,1,SYNTHETIC_SCENARIO_OBSERVATION
OBS-0384,2026-09-17T16:48:00Z,80.28071,13.06812,3.83,10.45,9.47,267.6,1.37,3.48,2,0,SYNTHETIC_SCENARIO_OBSERVATION
OBS-0385,2026-09-10T10:53:00Z,80.27573,13.089,5.84,37.42,7.4,260.1,0.27,12.46,6,1,SYNTHETIC_SCENARIO_OBSERVATION
OBS-0386,2026-09-11T03:38:00Z,80.27812,13.07036,3.6,13.77,12.27,3293.9,4.41,13.11,0,0,SYNTHETIC_SCENARIO_OBSERVATION
OBS-0387,2026-09-12T20:25:00Z,80.25987,13.08458,5.37,51.97,8.37,1784.1,1.29,12.87,2,1,SYNTHETIC_SCENARIO_OBSERVATION
OBS-0388,2026-09-13T13:38:00Z,80.25621,13.07215,0.91,4.91,12.62,1444.8,2.83,9.08,2,0,SYNTHETIC_SCENARIO_OBSERVATION
OBS-0389,2026-09-14T23:39:00Z,80.27627,13.06798,43.4,122.52,14.55,2841.9,0.29,9.0,0,1,SYNTHETIC_SCENARIO_OBSERVATION
OBS-0390,2026-09-15T00:55:00Z,80.27824,13.0723,9.46,21.17,14.24,2928.7,3.37,5.94,2,0,SYNTHETIC_SCENARIO_OBSERVATION
OBS-0391,2026-09-16T21:03:00Z,80.28467,13.08667,1.27,9.42,8.43,1176.0,1.68,10.66,1,0,SYNTHETIC_SCENARIO_OBSERVATION
OBS-0392,2026-09-17T11:55:00Z,80.26444,13.09067,0.64,2.67,4.59,2433.8,4.5,7.67,1,0,SYNTHETIC_SCENARIO_OBSERVATION
OBS-0393,2026-09-10T02:12:00Z,80.26302,13.08991,2.47,6.51,9.46,2703.5,4.45,9.65,4,0,SYNTHETIC_SCENARIO_OBSERVATION
OBS-0394,2026-09-11T19:30:00Z,80.27717,13.07692,4.4,25.67,4.14,2298.2,1.69,6.28,3,0,SYNTHETIC_SCENARIO_OBSERVATION
OBS-0395,2026-09-12T05:42:00Z,80.26193,13.08504,4.23,14.38,17.97,547.6,4.51,10.38,1,0,SYNTHETIC_SCENARIO_OBSERVATION
OBS-0396,2026-09-13T22:03:00Z,80.28258,13.07115,22.03,61.79,7.9,3068.1,4.98,11.63,0,0,SYNTHETIC_SCENARIO_OBSERVATION
OBS-0397,2026-09-14T19:15:00Z,80.28004,13.07379,6.23,19.73,4.36,1896.0,4.14,2.48,0,0,SYNTHETIC_SCENARIO_OBSERVATION
OBS-0398,2026-09-15T06:21:00Z,80.26501,13.09189,1.66,10.01,1.97,1003.0,4.24,11.74,0,0,SYNTHETIC_SCENARIO_OBSERVATION
OBS-0399,2026-09-16T10:55:00Z,80.27628,13.06539,7.54,33.6,13.45,1499.8,1.32,7.79,2,0,SYNTHETIC_SCENARIO_OBSERVATION
OBS-0400,2026-09-17T00:57:00Z,80.27641,13.06757,16.07,42.94,13.28,150.7,2.93,11.9,2,0,SYNTHETIC_SCENARIO_OBSERVATION
OBS-0401,2026-09-10T06:11:00Z,80.25361,13.07124,1.88,6.4,7.8,465.0,0.43,6.32,5,0,SYNTHETIC_SCENARIO_OBSERVATION
OBS-0402,2026-09-11T06:58:00Z,80.28159,13.0658,0.65,6.42,2.83,2684.1,0.57,5.62,1,0,SYNTHETIC_SCENARIO_OBSERVATION
OBS-0403,2026-09-12T22:38:00Z,80.26768,13.07044,0.48,1.31,9.08,20.0,4.99,12.85,0,0,SYNTHETIC_SCENARIO_OBSERVATION
OBS-0404,2026-09-13T09:47:00Z,80.27893,13.08249,5.24,46.67,7.26,1469.6,1.7,3.89,1,0,SYNTHETIC_SCENARIO_OBSERVATION
OBS-0405,2026-09-14T07:08:00Z,80.2612,13.07764,13.77,38.15,14.03,1838.3,3.77,11.9,2,0,SYNTHETIC_SCENARIO_OBSERVATION
OBS-0406,2026-09-15T08:33:00Z,80.28134,13.09178,3.85,22.53,12.71,210.1,4.05,7.03,1,0,SYNTHETIC_SCENARIO_OBSERVATION
OBS-0407,2026-09-16T12:12:00Z,80.26362,13.08952,28.32,65.06,8.24,3406.3,4.3,7.44,3,0,SYNTHETIC_SCENARIO_OBSERVATION
OBS-0408,2026-09-17T22:54:00Z,80.25038,13.07525,13.12,57.34,5.53,806.9,4.99,4.66,2,1,SYNTHETIC_SCENARIO_OBSERVATION
OBS-0409,2026-09-10T03:24:00Z,80.28169,13.07278,6.61,30.81,19.78,1078.6,1.28,8.24,1,0,SYNTHETIC_SCENARIO_OBSERVATION
OBS-0410,2026-09-11T23:43:00Z,80.2532,13.07639,10.79,70.95,9.9,1077.7,0.3,4.89,3,1,SYNTHETIC_SCENARIO_OBSERVATION
OBS-0411,2026-09-12T16:01:00Z,80.26118,13.08271,1.67,8.07,14.23,821.8,2.11,1.03,0,0,SYNTHETIC_SCENARIO_OBSERVATION
OBS-0412,2026-09-13T12:30:00Z,80.28325,13.07304,1.69,4.15,4.1,25.1,0.74,4.17,0,1,SYNTHETIC_SCENARIO_OBSERVATION
OBS-0413,2026-09-14T17:27:00Z,80.28327,13.08372,4.94,11.0,10.48,2558.1,0.21,0.59,1,0,SYNTHETIC_SCENARIO_OBSERVATION
OBS-0414,2026-09-15T14:30:00Z,80.27007,13.07728,0.47,2.06,2.01,3384.6,1.87,13.71,4,0,SYNTHETIC_SCENARIO_OBSERVATION
OBS-0415,2026-09-16T07:14:00Z,80.27211,13.08156,6.81,26.51,10.85,800.5,3.94,13.54,2,0,SYNTHETIC_SCENARIO_OBSERVATION
OBS-0416,2026-09-17T00:19:00Z,80.2657,13.07808,34.05,96.54,19.33,2327.4,2.87,5.83,0,0,SYNTHETIC_SCENARIO_OBSERVATION
OBS-0417,2026-09-10T09:11:00Z,80.26026,13.07383,0.58,1.4,8.61,2601.8,1.63,10.33,1,0,SYNTHETIC_SCENARIO_OBSERVATION
OBS-0418,2026-09-11T04:08:00Z,80.2615,13.09345,1.4,4.56,2.22,2972.5,3.31,5.17,1,0,SYNTHETIC_SCENARIO_OBSERVATION
OBS-0419,2026-09-12T22:07:00Z,80.27354,13.08791,4.99,21.06,2.07,1490.7,1.24,9.56,2,1,SYNTHETIC_SCENARIO_OBSERVATION
OBS-0420,2026-09-13T15:13:00Z,80.27633,13.0692,23.24,95.07,8.68,1074.2,0.17,11.37,3,1,SYNTHETIC_SCENARIO_OBSERVATION
OBS-0421,2026-09-14T12:54:00Z,80.27771,13.09105,4.57,13.3,4.46,1152.0,3.85,13.28,3,1,SYNTHETIC_SCENARIO_OBSERVATION
OBS-0422,2026-09-15T20:44:00Z,80.27764,13.07962,2.5,24.77,1.93,2499.9,3.16,5.9,3,0,SYNTHETIC_SCENARIO_OBSERVATION
OBS-0423,2026-09-16T04:47:00Z,80.25319,13.09184,0.47,1.49,15.49,2862.4,3.84,11.07,1,0,SYNTHETIC_SCENARIO_OBSERVATION
OBS-0424,2026-09-17T10:53:00Z,80.2673,13.089,1.26,5.62,9.98,652.0,0.29,4.09,1,0,SYNTHETIC_SCENARIO_OBSERVATION
OBS-0425,2026-09-10T04:12:00Z,80.25201,13.07776,57.08,151.02,6.85,1310.9,4.2,13.87,1,1,SYNTHETIC_SCENARIO_OBSERVATION
OBS-0426,2026-09-11T10:24:00Z,80.26923,13.06567,15.57,117.45,18.15,3158.8,3.14,0.85,0,0,SYNTHETIC_SCENARIO_OBSERVATION
OBS-0427,2026-09-12T18:34:00Z,80.26545,13.07306,0.05,0.17,3.65,2827.3,2.86,8.65,2,0,SYNTHETIC_SCENARIO_OBSERVATION
OBS-0428,2026-09-13T14:38:00Z,80.28107,13.08125,28.48,106.14,19.18,3447.3,3.16,9.4,1,0,SYNTHETIC_SCENARIO_OBSERVATION
OBS-0429,2026-09-14T06:37:00Z,80.26228,13.084,11.59,35.67,7.31,2644.8,4.34,9.79,3,0,SYNTHETIC_SCENARIO_OBSERVATION
OBS-0430,2026-09-15T02:44:00Z,80.2541,13.07274,8.69,70.85,17.94,1388.3,2.98,2.13,2,0,SYNTHETIC_SCENARIO_OBSERVATION
OBS-0431,2026-09-16T06:36:00Z,80.255,13.06918,6.43,21.23,12.65,2075.4,2.95,13.17,1,0,SYNTHETIC_SCENARIO_OBSERVATION
OBS-0432,2026-09-17T22:49:00Z,80.27665,13.09005,7.52,25.37,16.79,2320.3,4.95,2.95,1,0,SYNTHETIC_SCENARIO_OBSERVATION
OBS-0433,2026-09-10T21:07:00Z,80.27164,13.09453,6.96,23.49,19.7,293.0,3.81,8.91,2,0,SYNTHETIC_SCENARIO_OBSERVATION
OBS-0434,2026-09-11T16:51:00Z,80.25354,13.08077,11.97,38.47,6.84,1914.8,2.27,3.51,0,0,SYNTHETIC_SCENARIO_OBSERVATION
OBS-0435,2026-09-12T00:45:00Z,80.25294,13.07015,1.77,5.26,19.28,2488.4,3.57,4.65,3,0,SYNTHETIC_SCENARIO_OBSERVATION
OBS-0436,2026-09-13T16:41:00Z,80.27453,13.07317,0.41,1.07,8.71,602.3,2.01,7.88,1,0,SYNTHETIC_SCENARIO_OBSERVATION
OBS-0437,2026-09-14T11:47:00Z,80.25255,13.06555,2.5,12.88,8.63,2736.6,1.22,6.13,0,0,SYNTHETIC_SCENARIO_OBSERVATION
OBS-0438,2026-09-15T13:26:00Z,80.27877,13.09243,16.6,42.69,7.8,2051.5,3.02,2.66,0,0,SYNTHETIC_SCENARIO_OBSERVATION
OBS-0439,2026-09-16T15:07:00Z,80.27472,13.06853,2.17,7.89,11.52,3333.7,4.65,2.81,1,0,SYNTHETIC_SCENARIO_OBSERVATION
OBS-0440,2026-09-17T22:59:00Z,80.25285,13.0823,4.97,39.17,4.35,167.6,4.65,6.14,0,1,SYNTHETIC_SCENARIO_OBSERVATION
OBS-0441,2026-09-10T09:48:00Z,80.25297,13.07322,14.78,122.63,11.74,943.3,1.78,10.72,2,1,SYNTHETIC_SCENARIO_OBSERVATION
OBS-0442,2026-09-11T17:19:00Z,80.28453,13.08163,0.75,3.45,11.52,2113.4,2.69,12.62,1,0,SYNTHETIC_SCENARIO_OBSERVATION
OBS-0443,2026-09-12T15:16:00Z,80.2631,13.08454,14.64,39.08,15.6,1052.0,1.14,1.64,0,0,SYNTHETIC_SCENARIO_OBSERVATION
OBS-0444,2026-09-13T15:18:00Z,80.26297,13.08989,7.14,20.53,16.92,2506.2,4.98,5.81,0,0,SYNTHETIC_SCENARIO_OBSERVATION
OBS-0445,2026-09-14T23:55:00Z,80.27845,13.07119,26.66,70.91,9.65,2661.3,4.91,1.85,1,0,SYNTHETIC_SCENARIO_OBSERVATION
OBS-0446,2026-09-15T07:37:00Z,80.28315,13.06533,1.92,6.82,7.09,376.8,3.28,0.72,0,0,SYNTHETIC_SCENARIO_OBSERVATION
OBS-0447,2026-09-16T05:52:00Z,80.28451,13.06911,10.49,41.29,6.3,1808.2,4.04,9.43,2,0,SYNTHETIC_SCENARIO_OBSERVATION
OBS-0448,2026-09-17T08:35:00Z,80.27637,13.092,9.66,63.73,5.1,1790.9,3.6,8.63,1,1,SYNTHETIC_SCENARIO_OBSERVATION
OBS-0449,2026-09-10T11:59:00Z,80.26317,13.09122,21.76,101.27,2.57,1305.1,3.01,2.7,2,1,SYNTHETIC_SCENARIO_OBSERVATION
OBS-0450,2026-09-11T11:54:00Z,80.25292,13.08292,10.14,40.24,7.84,3266.6,0.36,3.66,1,0,SYNTHETIC_SCENARIO_OBSERVATION
OBS-0451,2026-09-12T16:14:00Z,80.2772,13.08302,3.15,24.06,6.5,2899.7,2.33,0.82,0,0,SYNTHETIC_SCENARIO_OBSERVATION
OBS-0452,2026-09-13T08:38:00Z,80.26954,13.08495,5.97,33.67,19.38,2446.3,3.41,11.77,1,0,SYNTHETIC_SCENARIO_OBSERVATION
OBS-0453,2026-09-14T09:47:00Z,80.26485,13.07026,22.0,71.11,11.82,2505.9,3.42,13.66,6,0,SYNTHETIC_SCENARIO_OBSERVATION
OBS-0454,2026-09-15T11:31:00Z,80.28172,13.09243,10.58,29.59,7.92,1626.8,1.93,2.33,2,0,SYNTHETIC_SCENARIO_OBSERVATION
OBS-0455,2026-09-16T06:17:00Z,80.25389,13.07756,0.49,1.08,12.24,3225.1,4.71,3.62,1,0,SYNTHETIC_SCENARIO_OBSERVATION
OBS-0456,2026-09-17T14:31:00Z,80.26724,13.07649,39.91,93.55,4.08,2437.2,0.92,12.22,2,1,SYNTHETIC_SCENARIO_OBSERVATION
OBS-0457,2026-09-10T05:57:00Z,80.2504,13.08057,13.3,40.94,9.71,2556.9,2.55,13.01,3,0,SYNTHETIC_SCENARIO_OBSERVATION
OBS-0458,2026-09-11T11:42:00Z,80.2664,13.06641,9.77,39.5,13.09,3018.7,3.49,6.16,1,0,SYNTHETIC_SCENARIO_OBSERVATION
OBS-0459,2026-09-12T19:34:00Z,80.25197,13.06999,2.74,8.5,10.54,973.8,3.52,1.18,3,0,SYNTHETIC_SCENARIO_OBSERVATION
OBS-0460,2026-09-13T01:37:00Z,80.25416,13.08714,14.12,37.64,8.93,2828.6,3.28,1.03,0,0,SYNTHETIC_SCENARIO_OBSERVATION
OBS-0461,2026-09-14T23:53:00Z,80.25411,13.06748,2.48,17.52,19.89,699.4,1.45,8.25,2,0,SYNTHETIC_SCENARIO_OBSERVATION
OBS-0462,2026-09-15T04:17:00Z,80.27272,13.08309,8.98,36.87,17.79,1221.8,0.87,5.8,0,0,SYNTHETIC_SCENARIO_OBSERVATION
OBS-0463,2026-09-16T15:07:00Z,80.27611,13.07236,1.55,3.94,13.03,1187.9,3.22,0.89,3,0,SYNTHETIC_SCENARIO_OBSERVATION
OBS-0464,2026-09-17T19:21:00Z,80.27042,13.07668,8.8,37.54,12.03,3425.3,3.04,8.37,2,0,SYNTHETIC_SCENARIO_OBSERVATION
OBS-0465,2026-09-10T10:09:00Z,80.28368,13.07366,78.18,260.46,12.98,3000.7,0.98,0.65,4,1,SYNTHETIC_SCENARIO_OBSERVATION
OBS-0466,2026-09-11T23:56:00Z,80.26312,13.07567,0.53,1.73,5.22,2460.1,3.56,11.13,1,0,SYNTHETIC_SCENARIO_OBSERVATION
OBS-0467,2026-09-12T11:52:00Z,80.26,13.08657,21.77,132.3,8.81,2550.2,2.33,4.64,3,1,SYNTHETIC_SCENARIO_OBSERVATION
OBS-0468,2026-09-13T05:58:00Z,80.2804,13.07391,4.15,18.28,2.23,1976.0,3.37,1.04,0,0,SYNTHETIC_SCENARIO_OBSERVATION
OBS-0469,2026-09-14T19:04:00Z,80.25783,13.08199,15.55,71.61,10.3,3315.9,4.2,8.44,2,0,SYNTHETIC_SCENARIO_OBSERVATION
OBS-0470,2026-09-15T22:08:00Z,80.28371,13.07928,5.83,53.38,11.55,1747.0,0.93,5.87,1,0,SYNTHETIC_SCENARIO_OBSERVATION
OBS-0471,2026-09-16T15:53:00Z,80.25043,13.08491,3.18,29.3,5.71,1344.2,0.19,13.65,1,0,SYNTHETIC_SCENARIO_OBSERVATION
OBS-0472,2026-09-17T13:21:00Z,80.28395,13.0931,18.36,46.94,19.33,587.4,3.92,7.85,0,0,SYNTHETIC_SCENARIO_OBSERVATION
OBS-0473,2026-09-10T07:58:00Z,80.25151,13.08698,14.43,73.78,18.32,2756.0,3.09,4.22,1,0,SYNTHETIC_SCENARIO_OBSERVATION
OBS-0474,2026-09-11T19:50:00Z,80.28119,13.07145,5.1,18.12,14.86,2575.9,3.53,10.08,0,0,SYNTHETIC_SCENARIO_OBSERVATION
OBS-0475,2026-09-12T13:38:00Z,80.26847,13.06594,2.84,13.86,11.37,1357.6,4.21,4.17,0,0,SYNTHETIC_SCENARIO_OBSERVATION
OBS-0476,2026-09-13T04:49:00Z,80.28475,13.07287,16.55,38.55,17.59,107.7,4.03,12.71,2,0,SYNTHETIC_SCENARIO_OBSERVATION
OBS-0477,2026-09-14T01:10:00Z,80.25258,13.08285,11.01,57.73,3.92,2939.7,4.81,5.56,0,0,SYNTHETIC_SCENARIO_OBSERVATION
OBS-0478,2026-09-15T21:39:00Z,80.26938,13.06654,12.59,50.28,16.12,59.7,2.73,7.92,0,0,SYNTHETIC_SCENARIO_OBSERVATION
OBS-0479,2026-09-16T00:30:00Z,80.28393,13.07989,22.69,55.95,3.81,2468.9,2.49,1.18,3,0,SYNTHETIC_SCENARIO_OBSERVATION
OBS-0480,2026-09-17T21:43:00Z,80.26831,13.08291,7.9,20.02,16.19,3396.5,2.07,6.25,2,0,SYNTHETIC_SCENARIO_OBSERVATION
OBS-0481,2026-09-10T01:49:00Z,80.27203,13.07503,9.84,59.6,6.6,1543.1,0.85,11.74,1,0,SYNTHETIC_SCENARIO_OBSERVATION
OBS-0482,2026-09-11T06:57:00Z,80.27435,13.08813,1.71,4.48,17.73,837.7,2.91,11.38,4,0,SYNTHETIC_SCENARIO_OBSERVATION
OBS-0483,2026-09-12T16:53:00Z,80.26591,13.0682,7.17,27.52,18.96,2473.0,1.46,3.53,2,0,SYNTHETIC_SCENARIO_OBSERVATION
OBS-0484,2026-09-13T22:45:00Z,80.27196,13.06725,0.05,0.2,4.25,2863.6,4.61,3.55,3,0,SYNTHETIC_SCENARIO_OBSERVATION
OBS-0485,2026-09-14T23:06:00Z,80.27045,13.08685,2.02,13.74,10.06,1921.6,2.96,11.53,2,0,SYNTHETIC_SCENARIO_OBSERVATION
OBS-0486,2026-09-15T21:24:00Z,80.28154,13.07986,2.05,15.98,19.65,3385.3,3.0,13.06,1,0,SYNTHETIC_SCENARIO_OBSERVATION
OBS-0487,2026-09-16T02:58:00Z,80.25159,13.08565,6.26,17.66,10.44,199.8,1.84,1.79,2,0,SYNTHETIC_SCENARIO_OBSERVATION
OBS-0488,2026-09-17T05:19:00Z,80.25983,13.07804,11.39,41.61,17.48,1776.7,0.35,6.58,3,0,SYNTHETIC_SCENARIO_OBSERVATION
OBS-0489,2026-09-10T01:48:00Z,80.28326,13.07239,4.35,17.22,12.39,2520.2,0.26,5.06,2,0,SYNTHETIC_SCENARIO_OBSERVATION
OBS-0490,2026-09-11T11:43:00Z,80.28116,13.08957,7.41,20.84,8.44,3022.0,2.17,12.25,1,0,SYNTHETIC_SCENARIO_OBSERVATION
OBS-0491,2026-09-12T16:58:00Z,80.26595,13.08898,3.49,9.49,6.79,643.8,0.51,1.63,2,0,SYNTHETIC_SCENARIO_OBSERVATION
OBS-0492,2026-09-13T09:34:00Z,80.2717,13.08584,2.54,16.35,5.26,2804.0,3.07,3.35,2,0,SYNTHETIC_SCENARIO_OBSERVATION
OBS-0493,2026-09-14T19:17:00Z,80.25971,13.07316,2.83,9.02,15.59,1943.4,4.42,10.66,1,0,SYNTHETIC_SCENARIO_OBSERVATION
OBS-0494,2026-09-15T12:43:00Z,80.25658,13.08271,0.39,2.66,8.65,1400.0,4.43,1.19,1,0,SYNTHETIC_SCENARIO_OBSERVATION
OBS-0495,2026-09-16T16:35:00Z,80.26623,13.07583,11.75,32.37,10.96,478.4,3.33,7.15,0,0,SYNTHETIC_SCENARIO_OBSERVATION
OBS-0496,2026-09-17T22:31:00Z,80.26237,13.06775,12.74,38.61,10.61,3031.2,1.14,6.47,1,0,SYNTHETIC_SCENARIO_OBSERVATION
OBS-0497,2026-09-10T09:10:00Z,80.27043,13.09252,14.7,33.82,12.18,567.3,4.33,5.01,0,0,SYNTHETIC_SCENARIO_OBSERVATION
OBS-0498,2026-09-11T05:05:00Z,80.25272,13.0691,2.71,21.79,17.51,1098.1,4.44,5.83,2,0,SYNTHETIC_SCENARIO_OBSERVATION
OBS-0499,2026-09-12T08:46:00Z,80.2841,13.09351,2.01,16.72,19.64,1029.4,1.06,7.65,2,0,SYNTHETIC_SCENARIO_OBSERVATION
OBS-0500,2026-09-13T01:35:00Z,80.28452,13.07838,13.85,69.66,9.04,3052.5,3.71,2.68,2,0,SYNTHETIC_SCENARIO_OBSERVATION
